Workbook
Name BEYAZ: #REF!
Name D.DÖKÜM_ATROMİX_24kW: #REF!
Name D.DÖKÜM_NİTROMİX_24kW: #REF!
Name D.DÖKÜM_NİTROMİX_30kW: #REF!
Name DAIKIN: #REF!
Name DAIKIN_CONDANSE_24kW: #REF!
Name DAIKIN_NDJ_24kW: #REF!
Name DAIKIN_NDJ_28kW: #REF!
Name DAIKIN_NDJ_35kW: #REF!
Name DAIKIN_VZ_24kW: #REF!
Name DAIKIN_VZ_30kW: #REF!
Name DAIKIN_VZ_38kW: #REF!
Name DAYLUX_PREMİX_24kW: #REF!
Name İNŞAAT: #REF!
Name KALDE: #REF!
Name KISA_TESİSAT: #REF!
Name KOMPLE: #REF!
Name KROM: #REF!
Name ÖTELEME: #REF!
Name PARKE: #REF!
Name UZUN_TESİSAT: #REF!

Sheet Müşteri için Hesap
B2: Sipariş | C2: Tip | D2: Adet | E2: Fiyat | F2: Toplam Tutar | I2: ÖDEME ŞEKLİ | J2: FİYAT | M2: Concetanate
B3: KOMBİ | C3: AİRFELL_MAESTRO_OPTİMUM_20kW | D3: 1 | E3: =IFERROR(IF(LEN(M3)=0,"",INDEX('Fiyat Listesi ve Açık Hesap'!$C$4:$C$145,MATCH(M3,'Fiyat Listesi ve Açık Hesap'!$D$4:$D$145,0),)),"-") -> 22000 | F3: =IFERROR(IF(LEN(D3)=0,"",E3*D3),"-") -> 22000 | I3: NAKİT | J3: =$F$27*1.2 -> 63564 | M3: =IFERROR(IF(AND(LEN(B3)=0,LEN(C3)=0),"",IF(LEN(C3)=0,B3,B3&"-"&C3)),"") -> KOMBİ-AİRFELL_MAESTRO_OPTİMUM_20kW
B4: KALORİFER TESİSATI | C4: KOMPLE | D4: 1 | E4: =IFERROR(IF(LEN(M4)=0,"",INDEX('Fiyat Listesi ve Açık Hesap'!$C$4:$C$145,MATCH(M4,'Fiyat Listesi ve Açık Hesap'!$D$4:$D$145,0),)),"-") -> 5000 | F4: =IFERROR(IF(LEN(D4)=0,"",E4*D4),"-") -> 5000 | I4: KREDİ KARTI | J4: =J3*1.1 -> 69920.4 | M4: =IFERROR(IF(AND(LEN(B4)=0,LEN(C4)=0),"",IF(LEN(C4)=0,B4,B4&"-"&C4)),"") -> KALORİFER TESİSATI-KOMPLE
B5: DOĞALGAZ TESİSATI | C5: ÇELİK_BORU | D5: 1 | E5: =IFERROR(IF(LEN(M5)=0,"",INDEX('Fiyat Listesi ve Açık Hesap'!$C$4:$C$145,MATCH(M5,'Fiyat Listesi ve Açık Hesap'!$D$4:$D$145,0),)),"-") -> 4000 | F5: =IFERROR(IF(LEN(D5)=0,"",E5*D5),"-") -> 4000 | I5: 12 AY SENET | J5: =J3*1.12 -> 71191.68 | M5: =IFERROR(IF(AND(LEN(B5)=0,LEN(C5)=0),"",IF(LEN(C5)=0,B5,B5&"-"&C5)),"") -> DOĞALGAZ TESİSATI-ÇELİK_BORU
B6: RADYATÖR | C6: WARMHAUS | D6: 5 | E6: =IFERROR(IF(LEN(M6)=0,"",INDEX('Fiyat Listesi ve Açık Hesap'!$C$4:$C$145,MATCH(M6,'Fiyat Listesi ve Açık Hesap'!$D$4:$D$145,0),)),"-") -> 1850 | F6: =IFERROR(IF(LEN(D6)=0,"",E6*D6),"-") -> 9250 | I6: 15 AY SENET | J6: =J3*1.15 -> 73098.6 | M6: =IFERROR(IF(AND(LEN(B6)=0,LEN(C6)=0),"",IF(LEN(C6)=0,B6,B6&"-"&C6)),"") -> RADYATÖR-WARMHAUS
B7: RADYATÖR VANASI | C7: KALDE | D7: 14 | E7: =IFERROR(IF(LEN(M7)=0,"",INDEX('Fiyat Listesi ve Açık Hesap'!$C$4:$C$145,MATCH(M7,'Fiyat Listesi ve Açık Hesap'!$D$4:$D$145,0),)),"-") -> 105 | F7: =IFERROR(IF(LEN(D7)=0,"",E7*D7),"-") -> 1470 | I7: 18 AY SENET | J7: =J3*1.18 -> 75005.52 | M7: =IFERROR(IF(AND(LEN(B7)=0,LEN(C7)=0),"",IF(LEN(C7)=0,B7,B7&"-"&C7)),"") -> RADYATÖR VANASI-KALDE
B8: ODA TERMOSTATI | C8: AİRFELL_KABLOSUZ_TERMOSTAT | D8: 1 | E8: =IFERROR(IF(LEN(M8)=0,"",INDEX('Fiyat Listesi ve Açık Hesap'!$C$4:$C$145,MATCH(M8,'Fiyat Listesi ve Açık Hesap'!$D$4:$D$145,0),)),"-") -> 1000 | F8: =IFERROR(IF(LEN(D8)=0,"",E8*D8),"-") -> 1000 | M8: =IFERROR(IF(AND(LEN(B8)=0,LEN(C8)=0),"",IF(LEN(C8)=0,B8,B8&"-"&C8)),"") -> ODA TERMOSTATI-AİRFELL_KABLOSUZ_TERMOSTAT
B9: KOMBİ DOLABI | C9: VAR | D9: 1 | E9: =IFERROR(IF(LEN(M9)=0,"",INDEX('Fiyat Listesi ve Açık Hesap'!$C$4:$C$145,MATCH(M9,'Fiyat Listesi ve Açık Hesap'!$D$4:$D$145,0),)),"-") -> 1000 | F9: =IFERROR(IF(LEN(D9)=0,"",E9*D9),"-") -> 1000 | M9: =IFERROR(IF(AND(LEN(B9)=0,LEN(C9)=0),"",IF(LEN(C9)=0,B9,B9&"-"&C9)),"") -> KOMBİ DOLABI-VAR
B10: HAVLUPAN | C10: BEYAZ | D10: 1 | E10: =IFERROR(IF(LEN(M10)=0,"",INDEX('Fiyat Listesi ve Açık Hesap'!$C$4:$C$145,MATCH(M10,'Fiyat Listesi ve Açık Hesap'!$D$4:$D$145,0),)),"-") -> 750 | F10: =IFERROR(IF(LEN(D10)=0,"",E10*D10),"-") -> 750 | M10: =IFERROR(IF(AND(LEN(B10)=0,LEN(C10)=0),"",IF(LEN(C10)=0,B10,B10&"-"&C10)),"") -> HAVLUPAN-BEYAZ
B11: BACA UZATMASI | C11: YOK | D11: 1 | E11: =IFERROR(IF(LEN(M11)=0,"",INDEX('Fiyat Listesi ve Açık Hesap'!$C$4:$C$145,MATCH(M11,'Fiyat Listesi ve Açık Hesap'!$D$4:$D$145,0),)),"-") -> - | F11: =IFERROR(IF(LEN(D11)=0,"",E11*D11),"-") -> - | M11: =IFERROR(IF(AND(LEN(B11)=0,LEN(C11)=0),"",IF(LEN(C11)=0,B11,B11&"-"&C11)),"") -> BACA UZATMASI-YOK
B12: BACA DİRSEĞİ | C12: YOK | D12: 1 | E12: =IFERROR(IF(LEN(M12)=0,"",INDEX('Fiyat Listesi ve Açık Hesap'!$C$4:$C$145,MATCH(M12,'Fiyat Listesi ve Açık Hesap'!$D$4:$D$145,0),)),"-") -> 0 | F12: =IFERROR(IF(LEN(D12)=0,"",E12*D12),"-") -> 0 | M12: =IFERROR(IF(AND(LEN(B12)=0,LEN(C12)=0),"",IF(LEN(C12)=0,B12,B12&"-"&C12)),"") -> BACA DİRSEĞİ-YOK
B13: CAM MENFEZ | C13: VAR | D13: 1 | E13: =IFERROR(IF(LEN(M13)=0,"",INDEX('Fiyat Listesi ve Açık Hesap'!$C$4:$C$145,MATCH(M13,'Fiyat Listesi ve Açık Hesap'!$D$4:$D$145,0),)),"-") -> 250 | F13: =IFERROR(IF(LEN(D13)=0,"",E13*D13),"-") -> 250 | M13: =IFERROR(IF(AND(LEN(B13)=0,LEN(C13)=0),"",IF(LEN(C13)=0,B13,B13&"-"&C13)),"") -> CAM MENFEZ-VAR
B14: ELEKTİRİK TESİSATI | C14: VAR | D14: 1 | E14: =IFERROR(IF(LEN(M14)=0,"",INDEX('Fiyat Listesi ve Açık Hesap'!$C$4:$C$145,MATCH(M14,'Fiyat Listesi ve Açık Hesap'!$D$4:$D$145,0),)),"-") -> 250 | F14: =IFERROR(IF(LEN(D14)=0,"",E14*D14),"-") -> 250 | M14: =IFERROR(IF(AND(LEN(B14)=0,LEN(C14)=0),"",IF(LEN(C14)=0,B14,B14&"-"&C14)),"") -> ELEKTİRİK TESİSATI-VAR
B15: İŞÇİLİK | C15: KOMPLE | D15: 1 | E15: =IFERROR(IF(LEN(M15)=0,"",INDEX('Fiyat Listesi ve Açık Hesap'!$C$4:$C$145,MATCH(M15,'Fiyat Listesi ve Açık Hesap'!$D$4:$D$145,0),)),"-") -> 7000 | F15: =IFERROR(IF(LEN(D15)=0,"",E15*D15),"-") -> 7000 | M15: =IFERROR(IF(AND(LEN(B15)=0,LEN(C15)=0),"",IF(LEN(C15)=0,B15,B15&"-"&C15)),"") -> İŞÇİLİK-KOMPLE
B16: FİRMA GİDERİ | C16: VAR | D16: 1 | E16: =IFERROR(IF(LEN(M16)=0,"",INDEX('Fiyat Listesi ve Açık Hesap'!$C$4:$C$145,MATCH(M16,'Fiyat Listesi ve Açık Hesap'!$D$4:$D$145,0),)),"-") -> 1000 | F16: =IFERROR(IF(LEN(D16)=0,"",E16*D16),"-") -> 1000 | M16: =IFERROR(IF(AND(LEN(B16)=0,LEN(C16)=0),"",IF(LEN(C16)=0,B16,B16&"-"&C16)),"") -> FİRMA GİDERİ-VAR
B17: BACA UZATMASI | C17: YOK | D17: 1 | E17: =IFERROR(IF(LEN(M17)=0,"",INDEX('Fiyat Listesi ve Açık Hesap'!$C$4:$C$145,MATCH(M17,'Fiyat Listesi ve Açık Hesap'!$D$4:$D$145,0),)),"-") -> - | F17: =IFERROR(IF(LEN(D17)=0,"",E17*D17),"-") -> - | M17: =IFERROR(IF(AND(LEN(B17)=0,LEN(C17)=0),"",IF(LEN(C17)=0,B17,B17&"-"&C17)),"") -> BACA UZATMASI-YOK
E18: =IFERROR(IF(LEN(M18)=0,"",INDEX('Fiyat Listesi ve Açık Hesap'!$C$4:$C$145,MATCH(M18,'Fiyat Listesi ve Açık Hesap'!$D$4:$D$145,0),)),"-") | F18: =IFERROR(IF(LEN(D18)=0,"",E18*D18),"-") | M18: =IFERROR(IF(AND(LEN(B18)=0,LEN(C18)=0),"",IF(LEN(C18)=0,B18,B18&"-"&C18)),"")
E19: =IFERROR(IF(LEN(M19)=0,"",INDEX('Fiyat Listesi ve Açık Hesap'!$C$4:$C$145,MATCH(M19,'Fiyat Listesi ve Açık Hesap'!$D$4:$D$145,0),)),"-") | F19: =IFERROR(IF(LEN(D19)=0,"",E19*D19),"-") | M19: =IFERROR(IF(AND(LEN(B19)=0,LEN(C19)=0),"",IF(LEN(C19)=0,B19,B19&"-"&C19)),"")
E20: =IFERROR(IF(LEN(M20)=0,"",INDEX('Fiyat Listesi ve Açık Hesap'!$C$4:$C$145,MATCH(M20,'Fiyat Listesi ve Açık Hesap'!$D$4:$D$145,0),)),"-") | F20: =IFERROR(IF(LEN(D20)=0,"",E20*D20),"-") | M20: =IFERROR(IF(AND(LEN(B20)=0,LEN(C20)=0),"",IF(LEN(C20)=0,B20,B20&"-"&C20)),"")
E21: =IFERROR(IF(LEN(M21)=0,"",INDEX('Fiyat Listesi ve Açık Hesap'!$C$4:$C$145,MATCH(M21,'Fiyat Listesi ve Açık Hesap'!$D$4:$D$145,0),)),"-") | F21: =IFERROR(IF(LEN(D21)=0,"",E21*D21),"-") | M21: =IFERROR(IF(AND(LEN(B21)=0,LEN(C21)=0),"",IF(LEN(C21)=0,B21,B21&"-"&C21)),"")
E22: =IFERROR(IF(LEN(M22)=0,"",INDEX('Fiyat Listesi ve Açık Hesap'!$C$4:$C$145,MATCH(M22,'Fiyat Listesi ve Açık Hesap'!$D$4:$D$145,0),)),"-") | F22: =IFERROR(IF(LEN(D22)=0,"",E22*D22),"-") | M22: =IFERROR(IF(AND(LEN(B22)=0,LEN(C22)=0),"",IF(LEN(C22)=0,B22,B22&"-"&C22)),"")
E23: =IFERROR(IF(LEN(M23)=0,"",INDEX('Fiyat Listesi ve Açık Hesap'!$C$4:$C$145,MATCH(M23,'Fiyat Listesi ve Açık Hesap'!$D$4:$D$145,0),)),"-") | F23: =IFERROR(IF(LEN(D23)=0,"",E23*D23),"-") | M23: =IFERROR(IF(AND(LEN(B23)=0,LEN(C23)=0),"",IF(LEN(C23)=0,B23,B23&"-"&C23)),"")
E24: =IFERROR(IF(LEN(M24)=0,"",INDEX('Fiyat Listesi ve Açık Hesap'!$C$4:$C$145,MATCH(M24,'Fiyat Listesi ve Açık Hesap'!$D$4:$D$145,0),)),"-") | F24: =IFERROR(IF(LEN(D24)=0,"",E24*D24),"-") | M24: =IFERROR(IF(AND(LEN(B24)=0,LEN(C24)=0),"",IF(LEN(C24)=0,B24,B24&"-"&C24)),"")
E25: =IFERROR(IF(LEN(M25)=0,"",INDEX('Fiyat Listesi ve Açık Hesap'!$C$4:$C$145,MATCH(M25,'Fiyat Listesi ve Açık Hesap'!$D$4:$D$145,0),)),"-") | F25: =IFERROR(IF(LEN(D25)=0,"",E25*D25),"-") | M25: =IFERROR(IF(AND(LEN(B25)=0,LEN(C25)=0),"",IF(LEN(C25)=0,B25,B25&"-"&C25)),"")
E27: Toplam Tutar | F27: =IFERROR(SUM($F$3:$F$25),"-") -> 52970

Sheet Fiyat Listesi ve Açık Hesap
A2: DATABASE | B2: Sütun1 | C2: Sütun2 | D2: Sütun3 | F2: GENEL TUTAR AÇIK
A3: Ürünler | B3: Tipi | C3: Fiyatlar | D3: Ürünler ve Tipleri | F3: =IFERROR(IF(LEN('Müşteri için Hesap'!B2)=0,"",'Müşteri için Hesap'!B2),"-") -> Sipariş | G3: =IFERROR(IF(LEN('Müşteri için Hesap'!C2)=0,"",'Müşteri için Hesap'!C2),"-") -> Tip | H3: =IFERROR(IF(LEN('Müşteri için Hesap'!D2)=0,"",'Müşteri için Hesap'!D2),"-") -> Adet | I3: =IFERROR(IF(LEN('Müşteri için Hesap'!E2)=0,"",'Müşteri için Hesap'!E2),"-") -> Fiyat | J3: =IFERROR(IF(LEN('Müşteri için Hesap'!F2)=0,"",'Müşteri için Hesap'!F2),"-") -> Toplam Tutar | L3: =IFERROR(IF(LEN('Müşteri için Hesap'!I2)=0,"",'Müşteri için Hesap'!I2),"-") -> ÖDEME ŞEKLİ | M3: =IFERROR(IF(LEN('Müşteri için Hesap'!J2)=0,"",'Müşteri için Hesap'!J2),"-") -> FİYAT | U3: Tip Türleri | V3: Çoğulları Çıkart(Ürünler) | W3: Sabit Sayı | X3: Tip Criteria | Y3: Ürün Criteria | Z3: Countif tip(D.V) | AA3: Countif ürün D.V
A4: BACA DİRSEĞİ | B4: 90 DERECE | C4: 1000 | D4: =IFERROR(IF(AND(LEN(A4)=0,LEN(B4)=0),"",IF(LEN(B4)=0,A4,A4&"-"&B4)),"") -> BACA DİRSEĞİ-90 DERECE | F4: =IFERROR(IF(LEN('Müşteri için Hesap'!B3)=0,"",'Müşteri için Hesap'!B3),"-") -> KOMBİ | G4: =IFERROR(IF(LEN('Müşteri için Hesap'!C3)=0,"",'Müşteri için Hesap'!C3),"-") -> AİRFELL_MAESTRO_OPTİMUM_20kW | H4: =IFERROR(IF(LEN('Müşteri için Hesap'!D3)=0,"",'Müşteri için Hesap'!D3),"-") -> 1 | I4: =IFERROR(IF(LEN('Müşteri için Hesap'!E3)=0,"",'Müşteri için Hesap'!E3),"-") -> 22000 | J4: =IFERROR(IF(LEN('Müşteri için Hesap'!F3)=0,"",'Müşteri için Hesap'!F3),"-") -> 22000 | L4: =IFERROR(IF(LEN('Müşteri için Hesap'!I3)=0,"",'Müşteri için Hesap'!I3),"-") -> NAKİT | M4: =IFERROR(IF(LEN('Müşteri için Hesap'!J3)=0,"",'Müşteri için Hesap'!J3),"-") -> 63564 | U4: {=IFERROR(INDEX($B$4:$B$145, SMALL(IF((LEN($B$4:$B$145)<>0),ROW($B$4:$B$145)-ROW($B$3),"0"),ROW(B4)-ROW($B$3)) ),"0")} -> 90 DERECE | V4: {=IFERROR(INDEX($A$4:$A$145,MATCH(0,COUNTIF($V$3:V3,$A$4:$A$145),0)),"0")} -> BACA DİRSEĞİ | W4: 1 | X4: =U4*W4 -> #VALUE! | Y4: =W4*V4 -> #VALUE! | Z4: =COUNTIF($X$4:$X$198,"<>0") -> 35 | AA4: =COUNTIF($Y$4:$Y$198,"<>0") -> 17
A5: BACA DİRSEĞİ | B5: 45 DERECE | C5: 1000 | D5: =IFERROR(IF(AND(LEN(A5)=0,LEN(B5)=0),"",IF(LEN(B5)=0,A5,A5&"-"&B5)),"") -> BACA DİRSEĞİ-45 DERECE | F5: =IFERROR(IF(LEN('Müşteri için Hesap'!B4)=0,"",'Müşteri için Hesap'!B4),"-") -> KALORİFER TESİSATI | G5: =IFERROR(IF(LEN('Müşteri için Hesap'!C4)=0,"",'Müşteri için Hesap'!C4),"-") -> KOMPLE | H5: =IFERROR(IF(LEN('Müşteri için Hesap'!D4)=0,"",'Müşteri için Hesap'!D4),"-") -> 1 | I5: =IFERROR(IF(LEN('Müşteri için Hesap'!E4)=0,"",'Müşteri için Hesap'!E4),"-") -> 5000 | J5: =IFERROR(IF(LEN('Müşteri için Hesap'!F4)=0,"",'Müşteri için Hesap'!F4),"-") -> 5000 | L5: =IFERROR(IF(LEN('Müşteri için Hesap'!I4)=0,"",'Müşteri için Hesap'!I4),"-") -> KREDİ KARTI | M5: =IFERROR(IF(LEN('Müşteri için Hesap'!J4)=0,"",'Müşteri için Hesap'!J4),"-") -> 69920.4 | U5: {=IFERROR(INDEX($B$4:$B$145, SMALL(IF((LEN($B$4:$B$145)<>0),ROW($B$4:$B$145)-ROW($B$3),"0"),ROW(B5)-ROW($B$3)) ),"0")} -> 45 DERECE | V5: {=IFERROR(INDEX($A$4:$A$145,MATCH(0,COUNTIF($V$3:V4,$A$4:$A$145),0)),"0")} -> BACA UZATMASI | W5: 1 | X5: =U5*W5 -> #VALUE! | Y5: =W5*V5 -> #VALUE!
A6: BACA DİRSEĞİ | B6: YOK | C6: 0 | D6: =IFERROR(IF(AND(LEN(A6)=0,LEN(B6)=0),"",IF(LEN(B6)=0,A6,A6&"-"&B6)),"") -> BACA DİRSEĞİ-YOK | F6: =IFERROR(IF(LEN('Müşteri için Hesap'!B5)=0,"",'Müşteri için Hesap'!B5),"-") -> DOĞALGAZ TESİSATI | G6: =IFERROR(IF(LEN('Müşteri için Hesap'!C5)=0,"",'Müşteri için Hesap'!C5),"-") -> ÇELİK_BORU | H6: =IFERROR(IF(LEN('Müşteri için Hesap'!D5)=0,"",'Müşteri için Hesap'!D5),"-") -> 1 | I6: =IFERROR(IF(LEN('Müşteri için Hesap'!E5)=0,"",'Müşteri için Hesap'!E5),"-") -> 4000 | J6: =IFERROR(IF(LEN('Müşteri için Hesap'!F5)=0,"",'Müşteri için Hesap'!F5),"-") -> 4000 | L6: =IFERROR(IF(LEN('Müşteri için Hesap'!I5)=0,"",'Müşteri için Hesap'!I5),"-") -> 12 AY SENET | M6: =IFERROR(IF(LEN('Müşteri için Hesap'!J5)=0,"",'Müşteri için Hesap'!J5),"-") -> 71191.68 | U6: {=IFERROR(INDEX($B$4:$B$145, SMALL(IF((LEN($B$4:$B$145)<>0),ROW($B$4:$B$145)-ROW($B$3),"0"),ROW(#REF!)-ROW($B$3)) ),"0")} -> 0 | V6: {=IFERROR(INDEX($A$4:$A$145,MATCH(0,COUNTIF($V$3:V5,$A$4:$A$145),0)),"0")} -> CAM MENFEZ | W6: 1 | X6: =U6*W6 -> 0 | Y6: =W6*V6 -> #VALUE!
A7: BACA UZATMASI | B7: 1 METRE | C7: 1000 | D7: =IFERROR(IF(AND(LEN(A7)=0,LEN(B7)=0),"",IF(LEN(B7)=0,A7,A7&"-"&B7)),"") -> BACA UZATMASI-1 METRE | F7: =IFERROR(IF(LEN('Müşteri için Hesap'!B6)=0,"",'Müşteri için Hesap'!B6),"-") -> RADYATÖR | G7: =IFERROR(IF(LEN('Müşteri için Hesap'!C6)=0,"",'Müşteri için Hesap'!C6),"-") -> WARMHAUS | H7: =IFERROR(IF(LEN('Müşteri için Hesap'!D6)=0,"",'Müşteri için Hesap'!D6),"-") -> 5 | I7: =IFERROR(IF(LEN('Müşteri için Hesap'!E6)=0,"",'Müşteri için Hesap'!E6),"-") -> 1850 | J7: =IFERROR(IF(LEN('Müşteri için Hesap'!F6)=0,"",'Müşteri için Hesap'!F6),"-") -> 9250 | L7: =IFERROR(IF(LEN('Müşteri için Hesap'!I6)=0,"",'Müşteri için Hesap'!I6),"-") -> 15 AY SENET | M7: =IFERROR(IF(LEN('Müşteri için Hesap'!J6)=0,"",'Müşteri için Hesap'!J6),"-") -> 73098.6 | U7: {=IFERROR(INDEX($B$4:$B$145, SMALL(IF((LEN($B$4:$B$145)<>0),ROW($B$4:$B$145)-ROW($B$3),"0"),ROW(#REF!)-ROW($B$3)) ),"0")} -> 0 | V7: {=IFERROR(INDEX($A$4:$A$145,MATCH(0,COUNTIF($V$3:V6,$A$4:$A$145),0)),"0")} -> DOĞALGAZ TESİSATI | W7: 1 | X7: =U7*W7 -> 0 | Y7: =W7*V7 -> #VALUE!
A8: BACA UZATMASI | B8: 50 CM | C8: 750 | D8: =IFERROR(IF(AND(LEN(A8)=0,LEN(B8)=0),"",IF(LEN(B8)=0,A8,A8&"-"&B8)),"") -> BACA UZATMASI-50 CM | F8: =IFERROR(IF(LEN('Müşteri için Hesap'!B7)=0,"",'Müşteri için Hesap'!B7),"-") -> RADYATÖR VANASI | G8: =IFERROR(IF(LEN('Müşteri için Hesap'!C7)=0,"",'Müşteri için Hesap'!C7),"-") -> KALDE | H8: =IFERROR(IF(LEN('Müşteri için Hesap'!D7)=0,"",'Müşteri için Hesap'!D7),"-") -> 14 | I8: =IFERROR(IF(LEN('Müşteri için Hesap'!E7)=0,"",'Müşteri için Hesap'!E7),"-") -> 105 | J8: =IFERROR(IF(LEN('Müşteri için Hesap'!F7)=0,"",'Müşteri için Hesap'!F7),"-") -> 1470 | L8: =IFERROR(IF(LEN('Müşteri için Hesap'!I7)=0,"",'Müşteri için Hesap'!I7),"-") -> 18 AY SENET | M8: =IFERROR(IF(LEN('Müşteri için Hesap'!J7)=0,"",'Müşteri için Hesap'!J7),"-") -> 75005.52 | U8: {=IFERROR(INDEX($B$4:$B$145, SMALL(IF((LEN($B$4:$B$145)<>0),ROW($B$4:$B$145)-ROW($B$3),"0"),ROW(#REF!)-ROW($B$3)) ),"0")} -> 0 | V8: {=IFERROR(INDEX($A$4:$A$145,MATCH(0,COUNTIF($V$3:V7,$A$4:$A$145),0)),"0")} -> ELEKTİRİK TESİSATI | W8: 1 | X8: =U8*W8 -> 0 | Y8: =W8*V8 -> #VALUE!
A9: CAM MENFEZ | B9: VAR | C9: 250 | D9: =IFERROR(IF(AND(LEN(A9)=0,LEN(B9)=0),"",IF(LEN(B9)=0,A9,A9&"-"&B9)),"") -> CAM MENFEZ-VAR | F9: =IFERROR(IF(LEN('Müşteri için Hesap'!B8)=0,"",'Müşteri için Hesap'!B8),"-") -> ODA TERMOSTATI | G9: =IFERROR(IF(LEN('Müşteri için Hesap'!C8)=0,"",'Müşteri için Hesap'!C8),"-") -> AİRFELL_KABLOSUZ_TERMOSTAT | H9: =IFERROR(IF(LEN('Müşteri için Hesap'!D8)=0,"",'Müşteri için Hesap'!D8),"-") -> 1 | I9: =IFERROR(IF(LEN('Müşteri için Hesap'!E8)=0,"",'Müşteri için Hesap'!E8),"-") -> 1000 | J9: =IFERROR(IF(LEN('Müşteri için Hesap'!F8)=0,"",'Müşteri için Hesap'!F8),"-") -> 1000 | U9: {=IFERROR(INDEX($B$4:$B$145, SMALL(IF((LEN($B$4:$B$145)<>0),ROW($B$4:$B$145)-ROW($B$3),"0"),ROW(#REF!)-ROW($B$3)) ),"0")} -> 0 | V9: {=IFERROR(INDEX($A$4:$A$145,MATCH(0,COUNTIF($V$3:V8,$A$4:$A$145),0)),"0")} -> EXTRA ISCILIK | W9: 1 | X9: =U9*W9 -> 0 | Y9: =W9*V9 -> #VALUE!
A10: CAM MENFEZ | B10: YOK | C10: 0 | D10: =IFERROR(IF(AND(LEN(A10)=0,LEN(B10)=0),"",IF(LEN(B10)=0,A10,A10&"-"&B10)),"") -> CAM MENFEZ-YOK | F10: =IFERROR(IF(LEN('Müşteri için Hesap'!B9)=0,"",'Müşteri için Hesap'!B9),"-") -> KOMBİ DOLABI | G10: =IFERROR(IF(LEN('Müşteri için Hesap'!C9)=0,"",'Müşteri için Hesap'!C9),"-") -> VAR | H10: =IFERROR(IF(LEN('Müşteri için Hesap'!D9)=0,"",'Müşteri için Hesap'!D9),"-") -> 1 | I10: =IFERROR(IF(LEN('Müşteri için Hesap'!E9)=0,"",'Müşteri için Hesap'!E9),"-") -> 1000 | J10: =IFERROR(IF(LEN('Müşteri için Hesap'!F9)=0,"",'Müşteri için Hesap'!F9),"-") -> 1000 | U10: {=IFERROR(INDEX($B$4:$B$145, SMALL(IF((LEN($B$4:$B$145)<>0),ROW($B$4:$B$145)-ROW($B$3),"0"),ROW(#REF!)-ROW($B$3)) ),"0")} -> 0 | V10: {=IFERROR(INDEX($A$4:$A$145,MATCH(0,COUNTIF($V$3:V9,$A$4:$A$145),0)),"0")} -> HAVLUPAN | W10: 1 | X10: =U10*W10 -> 0 | Y10: =W10*V10 -> #VALUE!
A11: DOĞALGAZ TESİSATI | B11: ÇELİK_BORU | C11: 4000 | D11: =IFERROR(IF(AND(LEN(A11)=0,LEN(B11)=0),"",IF(LEN(B11)=0,A11,A11&"-"&B11)),"") -> DOĞALGAZ TESİSATI-ÇELİK_BORU | F11: =IFERROR(IF(LEN('Müşteri için Hesap'!B10)=0,"",'Müşteri için Hesap'!B10),"-") -> HAVLUPAN | G11: VAR | H11: =IFERROR(IF(LEN('Müşteri için Hesap'!D10)=0,"",'Müşteri için Hesap'!D10),"-") -> 1 | I11: =IFERROR(IF(LEN('Müşteri için Hesap'!E10)=0,"",'Müşteri için Hesap'!E10),"-") -> 750 | J11: =IFERROR(IF(LEN('Müşteri için Hesap'!F10)=0,"",'Müşteri için Hesap'!F10),"-") -> 750 | U11: {=IFERROR(INDEX($B$4:$B$145, SMALL(IF((LEN($B$4:$B$145)<>0),ROW($B$4:$B$145)-ROW($B$3),"0"),ROW(#REF!)-ROW($B$3)) ),"0")} -> 0 | V11: {=IFERROR(INDEX($A$4:$A$145,MATCH(0,COUNTIF($V$3:V10,$A$4:$A$145),0)),"0")} -> İŞÇİLİK | W11: 1 | X11: =U11*W11 -> 0 | Y11: =W11*V11 -> #VALUE!
A12: DOĞALGAZ TESİSATI | B12: ESNEK_BORU | C12: 8000 | D12: =IFERROR(IF(AND(LEN(A12)=0,LEN(B12)=0),"",IF(LEN(B12)=0,A12,A12&"-"&B12)),"") -> DOĞALGAZ TESİSATI-ESNEK_BORU | F12: =IFERROR(IF(LEN('Müşteri için Hesap'!B11)=0,"",'Müşteri için Hesap'!B11),"-") -> BACA UZATMASI | G12: =IFERROR(IF(LEN('Müşteri için Hesap'!C11)=0,"",'Müşteri için Hesap'!C11),"-") -> YOK | H12: =IFERROR(IF(LEN('Müşteri için Hesap'!D11)=0,"",'Müşteri için Hesap'!D11),"-") -> 1 | I12: =IFERROR(IF(LEN('Müşteri için Hesap'!E11)=0,"",'Müşteri için Hesap'!E11),"-") -> - | J12: =IFERROR(IF(LEN('Müşteri için Hesap'!F11)=0,"",'Müşteri için Hesap'!F11),"-") -> - | U12: {=IFERROR(INDEX($B$4:$B$145, SMALL(IF((LEN($B$4:$B$145)<>0),ROW($B$4:$B$145)-ROW($B$3),"0"),ROW(#REF!)-ROW($B$3)) ),"0")} -> 0 | V12: {=IFERROR(INDEX($A$4:$A$145,MATCH(0,COUNTIF($V$3:V11,$A$4:$A$145),0)),"0")} -> KALORİFER TESİSATI | W12: 1 | X12: =U12*W12 -> 0 | Y12: =W12*V12 -> #VALUE!
A13: ELEKTİRİK TESİSATI | B13: VAR | C13: 250 | D13: =IFERROR(IF(AND(LEN(A13)=0,LEN(B13)=0),"",IF(LEN(B13)=0,A13,A13&"-"&B13)),"") -> ELEKTİRİK TESİSATI-VAR | F13: =IFERROR(IF(LEN('Müşteri için Hesap'!B12)=0,"",'Müşteri için Hesap'!B12),"-") -> BACA DİRSEĞİ | G13: =IFERROR(IF(LEN('Müşteri için Hesap'!C12)=0,"",'Müşteri için Hesap'!C12),"-") -> YOK | H13: =IFERROR(IF(LEN('Müşteri için Hesap'!D12)=0,"",'Müşteri için Hesap'!D12),"-") -> 1 | I13: =IFERROR(IF(LEN('Müşteri için Hesap'!E12)=0,"",'Müşteri için Hesap'!E12),"-") -> 0 | J13: =IFERROR(IF(LEN('Müşteri için Hesap'!F12)=0,"",'Müşteri için Hesap'!F12),"-") -> 0 | U13: {=IFERROR(INDEX($B$4:$B$145, SMALL(IF((LEN($B$4:$B$145)<>0),ROW($B$4:$B$145)-ROW($B$3),"0"),ROW(B6)-ROW($B$3)) ),"0")} -> YOK | V13: {=IFERROR(INDEX($A$4:$A$145,MATCH(0,COUNTIF($V$3:V12,$A$4:$A$145),0)),"0")} -> KOMBİ | W13: 1 | X13: =U13*W13 -> #VALUE! | Y13: =W13*V13 -> #VALUE!
A14: ELEKTİRİK TESİSATI | B14: YOK | C14: 0 | D14: =IFERROR(IF(AND(LEN(A14)=0,LEN(B14)=0),"",IF(LEN(B14)=0,A14,A14&"-"&B14)),"") -> ELEKTİRİK TESİSATI-YOK | F14: =IFERROR(IF(LEN('Müşteri için Hesap'!B13)=0,"",'Müşteri için Hesap'!B13),"-") -> CAM MENFEZ | G14: =IFERROR(IF(LEN('Müşteri için Hesap'!C13)=0,"",'Müşteri için Hesap'!C13),"-") -> VAR | H14: =IFERROR(IF(LEN('Müşteri için Hesap'!D13)=0,"",'Müşteri için Hesap'!D13),"-") -> 1 | I14: =IFERROR(IF(LEN('Müşteri için Hesap'!E13)=0,"",'Müşteri için Hesap'!E13),"-") -> 250 | J14: =IFERROR(IF(LEN('Müşteri için Hesap'!F13)=0,"",'Müşteri için Hesap'!F13),"-") -> 250 | U14: {=IFERROR(INDEX($B$4:$B$145, SMALL(IF((LEN($B$4:$B$145)<>0),ROW($B$4:$B$145)-ROW($B$3),"0"),ROW(B7)-ROW($B$3)) ),"0")} -> 1 METRE | V14: {=IFERROR(INDEX($A$4:$A$145,MATCH(0,COUNTIF($V$3:V13,$A$4:$A$145),0)),"0")} -> KOMBİ DOLABI | W14: 1 | X14: =U14*W14 -> #VALUE! | Y14: =W14*V14 -> #VALUE!
A15: EXTRA ISCILIK | B15: VAR | C15: 1000 | D15: =IFERROR(IF(AND(LEN(A15)=0,LEN(B15)=0),"",IF(LEN(B15)=0,A15,A15&"-"&B15)),"") -> EXTRA ISCILIK-VAR | F15: =IFERROR(IF(LEN('Müşteri için Hesap'!B14)=0,"",'Müşteri için Hesap'!B14),"-") -> ELEKTİRİK TESİSATI | G15: =IFERROR(IF(LEN('Müşteri için Hesap'!C14)=0,"",'Müşteri için Hesap'!C14),"-") -> VAR | H15: =IFERROR(IF(LEN('Müşteri için Hesap'!D14)=0,"",'Müşteri için Hesap'!D14),"-") -> 1 | I15: =IFERROR(IF(LEN('Müşteri için Hesap'!E14)=0,"",'Müşteri için Hesap'!E14),"-") -> 250 | J15: =IFERROR(IF(LEN('Müşteri için Hesap'!F14)=0,"",'Müşteri için Hesap'!F14),"-") -> 250 | U15: {=IFERROR(INDEX($B$4:$B$145, SMALL(IF((LEN($B$4:$B$145)<>0),ROW($B$4:$B$145)-ROW($B$3),"0"),ROW(B8)-ROW($B$3)) ),"0")} -> 50 CM | V15: {=IFERROR(INDEX($A$4:$A$145,MATCH(0,COUNTIF($V$3:V14,$A$4:$A$145),0)),"0")} -> ODA TERMOSTATI | W15: 1 | X15: =U15*W15 -> #VALUE! | Y15: =W15*V15 -> #VALUE!
A16: EXTRA ISCILIK | B16: YOK | C16: 0 | D16: =IFERROR(IF(AND(LEN(A16)=0,LEN(B16)=0),"",IF(LEN(B16)=0,A16,A16&"-"&B16)),"") -> EXTRA ISCILIK-YOK | F16: =IFERROR(IF(LEN('Müşteri için Hesap'!B15)=0,"",'Müşteri için Hesap'!B15),"-") -> İŞÇİLİK | G16: =IFERROR(IF(LEN('Müşteri için Hesap'!C15)=0,"",'Müşteri için Hesap'!C15),"-") -> KOMPLE | H16: =IFERROR(IF(LEN('Müşteri için Hesap'!D15)=0,"",'Müşteri için Hesap'!D15),"-") -> 1 | I16: =IFERROR(IF(LEN('Müşteri için Hesap'!E15)=0,"",'Müşteri için Hesap'!E15),"-") -> 7000 | J16: =IFERROR(IF(LEN('Müşteri için Hesap'!F15)=0,"",'Müşteri için Hesap'!F15),"-") -> 7000 | U16: {=IFERROR(INDEX($B$4:$B$145, SMALL(IF((LEN($B$4:$B$145)<>0),ROW($B$4:$B$145)-ROW($B$3),"0"),ROW(#REF!)-ROW($B$3)) ),"0")} -> 0 | V16: {=IFERROR(INDEX($A$4:$A$145,MATCH(0,COUNTIF($V$3:V15,$A$4:$A$145),0)),"0")} -> RADYATÖR | W16: 1 | X16: =U16*W16 -> 0 | Y16: =W16*V16 -> #VALUE!
A17: HAVLUPAN | B17: KROM | C17: 750 | D17: =IFERROR(IF(AND(LEN(A17)=0,LEN(B17)=0),"",IF(LEN(B17)=0,A17,A17&"-"&B17)),"") -> HAVLUPAN-KROM | F17: =IFERROR(IF(LEN('Müşteri için Hesap'!B16)=0,"",'Müşteri için Hesap'!B16),"-") -> FİRMA GİDERİ | G17: =IFERROR(IF(LEN('Müşteri için Hesap'!C16)=0,"",'Müşteri için Hesap'!C16),"-") -> VAR | H17: =IFERROR(IF(LEN('Müşteri için Hesap'!D16)=0,"",'Müşteri için Hesap'!D16),"-") -> 1 | I17: =IFERROR(IF(LEN('Müşteri için Hesap'!E16)=0,"",'Müşteri için Hesap'!E16),"-") -> 1000 | J17: =IFERROR(IF(LEN('Müşteri için Hesap'!F16)=0,"",'Müşteri için Hesap'!F16),"-") -> 1000 | U17: {=IFERROR(INDEX($B$4:$B$145, SMALL(IF((LEN($B$4:$B$145)<>0),ROW($B$4:$B$145)-ROW($B$3),"0"),ROW(#REF!)-ROW($B$3)) ),"0")} -> 0 | V17: {=IFERROR(INDEX($A$4:$A$145,MATCH(0,COUNTIF($V$3:V16,$A$4:$A$145),0)),"0")} -> RADYATÖR VANASI | W17: 1 | X17: =U17*W17 -> 0 | Y17: =W17*V17 -> #VALUE!
A18: HAVLUPAN | B18: BEYAZ | C18: 750 | D18: =IFERROR(IF(AND(LEN(A18)=0,LEN(B18)=0),"",IF(LEN(B18)=0,A18,A18&"-"&B18)),"") -> HAVLUPAN-BEYAZ | F18: =IFERROR(IF(LEN('Müşteri için Hesap'!B17)=0,"",'Müşteri için Hesap'!B17),"-") -> BACA UZATMASI | G18: =IFERROR(IF(LEN('Müşteri için Hesap'!C17)=0,"",'Müşteri için Hesap'!C17),"-") -> YOK | H18: =IFERROR(IF(LEN('Müşteri için Hesap'!D17)=0,"",'Müşteri için Hesap'!D17),"-") -> 1 | I18: =IFERROR(IF(LEN('Müşteri için Hesap'!E17)=0,"",'Müşteri için Hesap'!E17),"-") -> - | J18: =IFERROR(IF(LEN('Müşteri için Hesap'!F17)=0,"",'Müşteri için Hesap'!F17),"-") -> - | U18: {=IFERROR(INDEX($B$4:$B$145, SMALL(IF((LEN($B$4:$B$145)<>0),ROW($B$4:$B$145)-ROW($B$3),"0"),ROW(#REF!)-ROW($B$3)) ),"0")} -> 0 | V18: {=IFERROR(INDEX($A$4:$A$145,MATCH(0,COUNTIF($V$3:V17,$A$4:$A$145),0)),"0")} -> FİRMA GİDERİ | W18: 1 | X18: =U18*W18 -> 0 | Y18: =W18*V18 -> #VALUE!
A19: İŞÇİLİK | B19: MONTAJ | C19: 5000 | D19: =IFERROR(IF(AND(LEN(A19)=0,LEN(B19)=0),"",IF(LEN(B19)=0,A19,A19&"-"&B19)),"") -> İŞÇİLİK-MONTAJ | F19: =IFERROR(IF(LEN('Müşteri için Hesap'!#REF!)=0,"",'Müşteri için Hesap'!#REF!),"-") -> - | G19: =IFERROR(IF(LEN('Müşteri için Hesap'!#REF!)=0,"",'Müşteri için Hesap'!#REF!),"-") -> - | H19: =IFERROR(IF(LEN('Müşteri için Hesap'!#REF!)=0,"",'Müşteri için Hesap'!#REF!),"-") -> - | I19: =IFERROR(IF(LEN('Müşteri için Hesap'!#REF!)=0,"",'Müşteri için Hesap'!#REF!),"-") -> - | J19: =IFERROR(IF(LEN('Müşteri için Hesap'!#REF!)=0,"",'Müşteri için Hesap'!#REF!),"-") -> - | U19: {=IFERROR(INDEX($B$4:$B$145, SMALL(IF((LEN($B$4:$B$145)<>0),ROW($B$4:$B$145)-ROW($B$3),"0"),ROW(#REF!)-ROW($B$3)) ),"0")} -> 0 | V19: {=IFERROR(INDEX($A$4:$A$145,MATCH(0,COUNTIF($V$3:V18,$A$4:$A$145),0)),"0")} -> 0 | W19: 1 | X19: =U19*W19 -> 0 | Y19: =W19*V19 -> 0
A20: İŞÇİLİK | B20: KOMPLE | C20: 7000 | D20: =IFERROR(IF(AND(LEN(A20)=0,LEN(B20)=0),"",IF(LEN(B20)=0,A20,A20&"-"&B20)),"") -> İŞÇİLİK-KOMPLE | F20: =IFERROR(IF(LEN('Müşteri için Hesap'!#REF!)=0,"",'Müşteri için Hesap'!#REF!),"-") -> - | G20: =IFERROR(IF(LEN('Müşteri için Hesap'!#REF!)=0,"",'Müşteri için Hesap'!#REF!),"-") -> - | H20: =IFERROR(IF(LEN('Müşteri için Hesap'!#REF!)=0,"",'Müşteri için Hesap'!#REF!),"-") -> - | I20: =IFERROR(IF(LEN('Müşteri için Hesap'!#REF!)=0,"",'Müşteri için Hesap'!#REF!),"-") -> - | J20: =IFERROR(IF(LEN('Müşteri için Hesap'!#REF!)=0,"",'Müşteri için Hesap'!#REF!),"-") -> - | U20: {=IFERROR(INDEX($B$4:$B$145, SMALL(IF((LEN($B$4:$B$145)<>0),ROW($B$4:$B$145)-ROW($B$3),"0"),ROW(#REF!)-ROW($B$3)) ),"0")} -> 0 | V20: {=IFERROR(INDEX($A$4:$A$145,MATCH(0,COUNTIF($V$3:V19,$A$4:$A$145),0)),"0")} -> 0 | W20: 1 | X20: =U20*W20 -> 0 | Y20: =W20*V20 -> 0
A21: İŞÇİLİK | B21: KOMBİ + GAZ | C21: 4000 | D21: =IFERROR(IF(AND(LEN(A21)=0,LEN(B21)=0),"",IF(LEN(B21)=0,A21,A21&"-"&B21)),"") -> İŞÇİLİK-KOMBİ + GAZ | F21: =IFERROR(IF(LEN('Müşteri için Hesap'!B18)=0,"",'Müşteri için Hesap'!B18),"-") | G21: =IFERROR(IF(LEN('Müşteri için Hesap'!C18)=0,"",'Müşteri için Hesap'!C18),"-") | H21: =IFERROR(IF(LEN('Müşteri için Hesap'!D18)=0,"",'Müşteri için Hesap'!D18),"-") | I21: =IFERROR(IF(LEN('Müşteri için Hesap'!E18)=0,"",'Müşteri için Hesap'!E18),"-") | J21: =IFERROR(IF(LEN('Müşteri için Hesap'!F18)=0,"",'Müşteri için Hesap'!F18),"-") | U21: {=IFERROR(INDEX($B$4:$B$145, SMALL(IF((LEN($B$4:$B$145)<>0),ROW($B$4:$B$145)-ROW($B$3),"0"),ROW(#REF!)-ROW($B$3)) ),"0")} -> 0 | V21: {=IFERROR(INDEX($A$4:$A$145,MATCH(0,COUNTIF($V$3:V20,$A$4:$A$145),0)),"0")} -> 0 | W21: 1 | X21: =U21*W21 -> 0 | Y21: =W21*V21 -> 0
A22: KALORİFER TESİSATI | B22: KOMPLE | C22: 5000 | D22: =IFERROR(IF(AND(LEN(A22)=0,LEN(B22)=0),"",IF(LEN(B22)=0,A22,A22&"-"&B22)),"") -> KALORİFER TESİSATI-KOMPLE | F22: =IFERROR(IF(LEN('Müşteri için Hesap'!B19)=0,"",'Müşteri için Hesap'!B19),"-") | G22: =IFERROR(IF(LEN('Müşteri için Hesap'!C19)=0,"",'Müşteri için Hesap'!C19),"-") | H22: =IFERROR(IF(LEN('Müşteri için Hesap'!D19)=0,"",'Müşteri için Hesap'!D19),"-") | I22: =IFERROR(IF(LEN('Müşteri için Hesap'!E19)=0,"",'Müşteri için Hesap'!E19),"-") | J22: =IFERROR(IF(LEN('Müşteri için Hesap'!F19)=0,"",'Müşteri için Hesap'!F19),"-") | U22: {=IFERROR(INDEX($B$4:$B$145, SMALL(IF((LEN($B$4:$B$145)<>0),ROW($B$4:$B$145)-ROW($B$3),"0"),ROW(#REF!)-ROW($B$3)) ),"0")} -> 0 | V22: {=IFERROR(INDEX($A$4:$A$145,MATCH(0,COUNTIF($V$3:V21,$A$4:$A$145),0)),"0")} -> 0 | W22: 1 | X22: =U22*W22 -> 0 | Y22: =W22*V22 -> 0
A23: KALORİFER TESİSATI | B23: ÖTELEME | C23: 2500 | D23: =IFERROR(IF(AND(LEN(A23)=0,LEN(B23)=0),"",IF(LEN(B23)=0,A23,A23&"-"&B23)),"") -> KALORİFER TESİSATI-ÖTELEME | F23: =IFERROR(IF(LEN('Müşteri için Hesap'!B20)=0,"",'Müşteri için Hesap'!B20),"-") | G23: =IFERROR(IF(LEN('Müşteri için Hesap'!C20)=0,"",'Müşteri için Hesap'!C20),"-") | H23: =IFERROR(IF(LEN('Müşteri için Hesap'!D20)=0,"",'Müşteri için Hesap'!D20),"-") | I23: =IFERROR(IF(LEN('Müşteri için Hesap'!E20)=0,"",'Müşteri için Hesap'!E20),"-") | J23: =IFERROR(IF(LEN('Müşteri için Hesap'!F20)=0,"",'Müşteri için Hesap'!F20),"-") | U23: {=IFERROR(INDEX($B$4:$B$145, SMALL(IF((LEN($B$4:$B$145)<>0),ROW($B$4:$B$145)-ROW($B$3),"0"),ROW(#REF!)-ROW($B$3)) ),"0")} -> 0 | V23: {=IFERROR(INDEX($A$4:$A$145,MATCH(0,COUNTIF($V$3:V22,$A$4:$A$145),0)),"0")} -> 0 | W23: 1 | X23: =U23*W23 -> 0 | Y23: =W23*V23 -> 0
A24: KALORİFER TESİSATI | B24: HAZIR | D24: =IFERROR(IF(AND(LEN(A24)=0,LEN(B24)=0),"",IF(LEN(B24)=0,A24,A24&"-"&B24)),"") -> KALORİFER TESİSATI-HAZIR | F24: =IFERROR(IF(LEN('Müşteri için Hesap'!B21)=0,"",'Müşteri için Hesap'!B21),"-") | G24: =IFERROR(IF(LEN('Müşteri için Hesap'!C21)=0,"",'Müşteri için Hesap'!C21),"-") | H24: =IFERROR(IF(LEN('Müşteri için Hesap'!D21)=0,"",'Müşteri için Hesap'!D21),"-") | I24: =IFERROR(IF(LEN('Müşteri için Hesap'!E21)=0,"",'Müşteri için Hesap'!E21),"-") | J24: =IFERROR(IF(LEN('Müşteri için Hesap'!F21)=0,"",'Müşteri için Hesap'!F21),"-") | U24: {=IFERROR(INDEX($B$4:$B$145, SMALL(IF((LEN($B$4:$B$145)<>0),ROW($B$4:$B$145)-ROW($B$3),"0"),ROW(#REF!)-ROW($B$3)) ),"0")} -> 0 | V24: {=IFERROR(INDEX($A$4:$A$145,MATCH(0,COUNTIF($V$3:V23,$A$4:$A$145),0)),"0")} -> 0 | W24: 1 | X24: =U24*W24 -> 0 | Y24: =W24*V24 -> 0
A25: KOMBİ | B25: BOSCH_CONDENCE1200İ_20kW | C25: 25500 | D25: =IFERROR(IF(AND(LEN(A25)=0,LEN(B25)=0),"",IF(LEN(B25)=0,A25,A25&"-"&B25)),"") -> KOMBİ-BOSCH_CONDENCE1200İ_20kW | F25: =IFERROR(IF(LEN('Müşteri için Hesap'!B22)=0,"",'Müşteri için Hesap'!B22),"-") | G25: =IFERROR(IF(LEN('Müşteri için Hesap'!C22)=0,"",'Müşteri için Hesap'!C22),"-") | H25: =IFERROR(IF(LEN('Müşteri için Hesap'!D22)=0,"",'Müşteri için Hesap'!D22),"-") | I25: =IFERROR(IF(LEN('Müşteri için Hesap'!E22)=0,"",'Müşteri için Hesap'!E22),"-") | J25: =IFERROR(IF(LEN('Müşteri için Hesap'!F22)=0,"",'Müşteri için Hesap'!F22),"-") | U25: {=IFERROR(INDEX($B$4:$B$145, SMALL(IF((LEN($B$4:$B$145)<>0),ROW($B$4:$B$145)-ROW($B$3),"0"),ROW(B9)-ROW($B$3)) ),"0")} -> VAR | V25: {=IFERROR(INDEX($A$4:$A$145,MATCH(0,COUNTIF($V$3:V24,$A$4:$A$145),0)),"0")} -> 0 | W25: 1 | X25: =U25*W25 -> #VALUE! | Y25: =W25*V25 -> 0
A26: KOMBİ | B26: BOSCH_CONDENCE2200İ_20kW | C26: 27000 | D26: =IFERROR(IF(AND(LEN(A26)=0,LEN(B26)=0),"",IF(LEN(B26)=0,A26,A26&"-"&B26)),"") -> KOMBİ-BOSCH_CONDENCE2200İ_20kW | F26: =IFERROR(IF(LEN('Müşteri için Hesap'!B23)=0,"",'Müşteri için Hesap'!B23),"-") | G26: =IFERROR(IF(LEN('Müşteri için Hesap'!C23)=0,"",'Müşteri için Hesap'!C23),"-") | H26: =IFERROR(IF(LEN('Müşteri için Hesap'!D23)=0,"",'Müşteri için Hesap'!D23),"-") | I26: =IFERROR(IF(LEN('Müşteri için Hesap'!E23)=0,"",'Müşteri için Hesap'!E23),"-") | J26: =IFERROR(IF(LEN('Müşteri için Hesap'!F23)=0,"",'Müşteri için Hesap'!F23),"-") | U26: {=IFERROR(INDEX($B$4:$B$145, SMALL(IF((LEN($B$4:$B$145)<>0),ROW($B$4:$B$145)-ROW($B$3),"0"),ROW(B10)-ROW($B$3)) ),"0")} -> YOK | V26: {=IFERROR(INDEX($A$4:$A$145,MATCH(0,COUNTIF($V$3:V25,$A$4:$A$145),0)),"0")} -> 0 | W26: 1 | X26: =U26*W26 -> #VALUE! | Y26: =W26*V26 -> 0
A27: KOMBİ | B27: BOSCH_CONDENCE1200İ_24kW | C27: 27000 | D27: =IFERROR(IF(AND(LEN(A27)=0,LEN(B27)=0),"",IF(LEN(B27)=0,A27,A27&"-"&B27)),"") -> KOMBİ-BOSCH_CONDENCE1200İ_24kW | F27: =IFERROR(IF(LEN('Müşteri için Hesap'!B24)=0,"",'Müşteri için Hesap'!B24),"-") | G27: =IFERROR(IF(LEN('Müşteri için Hesap'!C24)=0,"",'Müşteri için Hesap'!C24),"-") | H27: =IFERROR(IF(LEN('Müşteri için Hesap'!D24)=0,"",'Müşteri için Hesap'!D24),"-") | I27: =IFERROR(IF(LEN('Müşteri için Hesap'!E24)=0,"",'Müşteri için Hesap'!E24),"-") | J27: =IFERROR(IF(LEN('Müşteri için Hesap'!F24)=0,"",'Müşteri için Hesap'!F24),"-") | U27: {=IFERROR(INDEX($B$4:$B$145, SMALL(IF((LEN($B$4:$B$145)<>0),ROW($B$4:$B$145)-ROW($B$3),"0"),ROW(B11)-ROW($B$3)) ),"0")} -> ÇELİK_BORU | V27: {=IFERROR(INDEX($A$4:$A$145,MATCH(0,COUNTIF($V$3:V26,$A$4:$A$145),0)),"0")} -> 0 | W27: 1 | X27: =U27*W27 -> #VALUE! | Y27: =W27*V27 -> 0
A28: KOMBİ | B28: ECA_CİTİUS_24kW | C28: 25000 | D28: =IFERROR(IF(AND(LEN(A28)=0,LEN(B28)=0),"",IF(LEN(B28)=0,A28,A28&"-"&B28)),"") -> KOMBİ-ECA_CİTİUS_24kW
A29: KOMBİ | B29: ECA_PROTEUS_PREMİX_24kW | C29: 30000 | D29: =IFERROR(IF(AND(LEN(A29)=0,LEN(B29)=0),"",IF(LEN(B29)=0,A29,A29&"-"&B29)),"") -> KOMBİ-ECA_PROTEUS_PREMİX_24kW | U29: {=IFERROR(INDEX($B$4:$B$145, SMALL(IF((LEN($B$4:$B$145)<>0),ROW($B$4:$B$145)-ROW($B$3),"0"),ROW(B13)-ROW($B$3)) ),"0")} -> VAR | V29: {=IFERROR(INDEX($A$4:$A$145,MATCH(0,COUNTIF($V$3:V28,$A$4:$A$145),0)),"0")} -> 0 | W29: 1 | X29: =U29*W29 -> #VALUE! | Y29: =W29*V29 -> 0
A30: KOMBİ | B30: AİRFELL_MAESTRO_OPTİMUM_20kW | C30: 22000 | D30: =IFERROR(IF(AND(LEN(A30)=0,LEN(B30)=0),"",IF(LEN(B30)=0,A30,A30&"-"&B30)),"") -> KOMBİ-AİRFELL_MAESTRO_OPTİMUM_20kW | F30: =IFERROR(IF(LEN('Müşteri için Hesap'!B27)=0,"",'Müşteri için Hesap'!B27),"-") | G30: =IFERROR(IF(LEN('Müşteri için Hesap'!C27)=0,"",'Müşteri için Hesap'!C27),"-") | H30: =IFERROR(IF(LEN('Müşteri için Hesap'!D27)=0,"",'Müşteri için Hesap'!D27),"-") | I30: =IFERROR(IF(LEN('Müşteri için Hesap'!E27)=0,"",'Müşteri için Hesap'!E27),"-") -> Toplam Tutar | J30: =IFERROR(IF(LEN('Müşteri için Hesap'!F27)=0,"",'Müşteri için Hesap'!F27),"-") -> 52970 | U30: {=IFERROR(INDEX($B$4:$B$145, SMALL(IF((LEN($B$4:$B$145)<>0),ROW($B$4:$B$145)-ROW($B$3),"0"),ROW(B14)-ROW($B$3)) ),"0")} -> YOK | V30: {=IFERROR(INDEX($A$4:$A$145,MATCH(0,COUNTIF($V$3:V29,$A$4:$A$145),0)),"0")} -> 0 | W30: 1 | X30: =U30*W30 -> #VALUE! | Y30: =W30*V30 -> 0
A31: KOMBİ | B31: AİRFELL_MAESTRO_OPTİMUM_23kW | C31: 24000 | D31: =IFERROR(IF(AND(LEN(A31)=0,LEN(B31)=0),"",IF(LEN(B31)=0,A31,A31&"-"&B31)),"") -> KOMBİ-AİRFELL_MAESTRO_OPTİMUM_23kW | U31: {=IFERROR(INDEX($B$4:$B$145, SMALL(IF((LEN($B$4:$B$145)<>0),ROW($B$4:$B$145)-ROW($B$3),"0"),ROW(B16)-ROW($B$3)) ),"0")} -> YOK | V31: {=IFERROR(INDEX($A$4:$A$145,MATCH(0,COUNTIF($V$3:V30,$A$4:$A$145),0)),"0")} -> 0 | W31: 1 | X31: =U31*W31 -> #VALUE! | Y31: =W31*V31 -> 0
A32: KOMBİ DOLABI | B32: YOK | C32: 0 | D32: =IFERROR(IF(AND(LEN(A32)=0,LEN(B32)=0),"",IF(LEN(B32)=0,A32,A32&"-"&B32)),"") -> KOMBİ DOLABI-YOK | U32: {=IFERROR(INDEX($B$4:$B$145, SMALL(IF((LEN($B$4:$B$145)<>0),ROW($B$4:$B$145)-ROW($B$3),"0"),ROW(#REF!)-ROW($B$3)) ),"0")} -> 0 | V32: {=IFERROR(INDEX($A$4:$A$145,MATCH(0,COUNTIF($V$3:V31,$A$4:$A$145),0)),"0")} -> 0 | W32: 1 | X32: =U32*W32 -> 0 | Y32: =W32*V32 -> 0
A33: KOMBİ DOLABI | B33: VAR | C33: 1000 | D33: =IFERROR(IF(AND(LEN(A33)=0,LEN(B33)=0),"",IF(LEN(B33)=0,A33,A33&"-"&B33)),"") -> KOMBİ DOLABI-VAR | U33: {=IFERROR(INDEX($B$4:$B$145, SMALL(IF((LEN($B$4:$B$145)<>0),ROW($B$4:$B$145)-ROW($B$3),"0"),ROW(#REF!)-ROW($B$3)) ),"0")} -> 0 | V33: {=IFERROR(INDEX($A$4:$A$145,MATCH(0,COUNTIF($V$3:V32,$A$4:$A$145),0)),"0")} -> 0 | W33: 1 | X33: =U33*W33 -> 0 | Y33: =W33*V33 -> 0
A34: ODA TERMOSTATI | B34: AİRFELL_KABLOSUZ_TERMOSTAT | C34: 1000 | D34: =IFERROR(IF(AND(LEN(A34)=0,LEN(B34)=0),"",IF(LEN(B34)=0,A34,A34&"-"&B34)),"") -> ODA TERMOSTATI-AİRFELL_KABLOSUZ_TERMOSTAT | U34: {=IFERROR(INDEX($B$4:$B$145, SMALL(IF((LEN($B$4:$B$145)<>0),ROW($B$4:$B$145)-ROW($B$3),"0"),ROW(B17)-ROW($B$3)) ),"0")} -> KROM | V34: {=IFERROR(INDEX($A$4:$A$145,MATCH(0,COUNTIF($V$3:V33,$A$4:$A$145),0)),"0")} -> 0 | W34: 1 | X34: =U34*W34 -> #VALUE! | Y34: =W34*V34 -> 0
A35: ODA TERMOSTATI | B35: ECA_KABLOSUZ_TERMOSTAT | C35: 1500 | D35: =IFERROR(IF(AND(LEN(A35)=0,LEN(B35)=0),"",IF(LEN(B35)=0,A35,A35&"-"&B35)),"") -> ODA TERMOSTATI-ECA_KABLOSUZ_TERMOSTAT | U35: {=IFERROR(INDEX($B$4:$B$145, SMALL(IF((LEN($B$4:$B$145)<>0),ROW($B$4:$B$145)-ROW($B$3),"0"),ROW(B18)-ROW($B$3)) ),"0")} -> BEYAZ | V35: {=IFERROR(INDEX($A$4:$A$145,MATCH(0,COUNTIF($V$3:V34,$A$4:$A$145),0)),"0")} -> 0 | W35: 1 | X35: =U35*W35 -> #VALUE! | Y35: =W35*V35 -> 0
A36: ODA TERMOSTATI | B36: BOSCH_KABLOSUZ_TERMOSTAT | C36: 1500 | D36: =IFERROR(IF(AND(LEN(A36)=0,LEN(B36)=0),"",IF(LEN(B36)=0,A36,A36&"-"&B36)),"") -> ODA TERMOSTATI-BOSCH_KABLOSUZ_TERMOSTAT | U36: {=IFERROR(INDEX($B$4:$B$145, SMALL(IF((LEN($B$4:$B$145)<>0),ROW($B$4:$B$145)-ROW($B$3),"0"),ROW(B19)-ROW($B$3)) ),"0")} -> MONTAJ | V36: {=IFERROR(INDEX($A$4:$A$145,MATCH(0,COUNTIF($V$3:V35,$A$4:$A$145),0)),"0")} -> 0 | W36: 1 | X36: =U36*W36 -> #VALUE! | Y36: =W36*V36 -> 0
A37: ODA TERMOSTATI | B37: YOK | D37: =IFERROR(IF(AND(LEN(A37)=0,LEN(B37)=0),"",IF(LEN(B37)=0,A37,A37&"-"&B37)),"") -> ODA TERMOSTATI-YOK | U37: {=IFERROR(INDEX($B$4:$B$145, SMALL(IF((LEN($B$4:$B$145)<>0),ROW($B$4:$B$145)-ROW($B$3),"0"),ROW(B20)-ROW($B$3)) ),"0")} -> KOMPLE | V37: {=IFERROR(INDEX($A$4:$A$145,MATCH(0,COUNTIF($V$3:V36,$A$4:$A$145),0)),"0")} -> 0 | W37: 1 | X37: =U37*W37 -> #VALUE! | Y37: =W37*V37 -> 0
A38: RADYATÖR | B38: ECA | C38: 2250 | D38: =IFERROR(IF(AND(LEN(A38)=0,LEN(B38)=0),"",IF(LEN(B38)=0,A38,A38&"-"&B38)),"") -> RADYATÖR-ECA | U38: {=IFERROR(INDEX($B$4:$B$145, SMALL(IF((LEN($B$4:$B$145)<>0),ROW($B$4:$B$145)-ROW($B$3),"0"),ROW(B21)-ROW($B$3)) ),"0")} -> KOMBİ + GAZ | V38: {=IFERROR(INDEX($A$4:$A$145,MATCH(0,COUNTIF($V$3:V37,$A$4:$A$145),0)),"0")} -> 0 | W38: 1 | X38: =U38*W38 -> #VALUE! | Y38: =W38*V38 -> 0
A39: RADYATÖR | B39: WARMHAUS | C39: 1850 | D39: =IFERROR(IF(AND(LEN(A39)=0,LEN(B39)=0),"",IF(LEN(B39)=0,A39,A39&"-"&B39)),"") -> RADYATÖR-WARMHAUS | U39: {=IFERROR(INDEX($B$4:$B$145, SMALL(IF((LEN($B$4:$B$145)<>0),ROW($B$4:$B$145)-ROW($B$3),"0"),ROW(B22)-ROW($B$3)) ),"0")} -> KOMPLE | V39: {=IFERROR(INDEX($A$4:$A$145,MATCH(0,COUNTIF($V$3:V38,$A$4:$A$145),0)),"0")} -> 0 | W39: 1 | X39: =U39*W39 -> #VALUE! | Y39: =W39*V39 -> 0
A40: RADYATÖR VANASI | B40: KALDE | C40: 105 | D40: =IFERROR(IF(AND(LEN(A40)=0,LEN(B40)=0),"",IF(LEN(B40)=0,A40,A40&"-"&B40)),"") -> RADYATÖR VANASI-KALDE | U40: {=IFERROR(INDEX($B$4:$B$145, SMALL(IF((LEN($B$4:$B$145)<>0),ROW($B$4:$B$145)-ROW($B$3),"0"),ROW(B23)-ROW($B$3)) ),"0")} -> ÖTELEME | V40: {=IFERROR(INDEX($A$4:$A$145,MATCH(0,COUNTIF($V$3:V39,$A$4:$A$145),0)),"0")} -> 0 | W40: 1 | X40: =U40*W40 -> #VALUE! | Y40: =W40*V40 -> 0
A41: RADYATÖR VANASI | B41: ECA | C41: 190 | D41: =IFERROR(IF(AND(LEN(A41)=0,LEN(B41)=0),"",IF(LEN(B41)=0,A41,A41&"-"&B41)),"") -> RADYATÖR VANASI-ECA | U41: {=IFERROR(INDEX($B$4:$B$145, SMALL(IF((LEN($B$4:$B$145)<>0),ROW($B$4:$B$145)-ROW($B$3),"0"),ROW(B24)-ROW($B$3)) ),"0")} -> HAZIR | V41: {=IFERROR(INDEX($A$4:$A$145,MATCH(0,COUNTIF($V$3:V40,$A$4:$A$145),0)),"0")} -> 0 | W41: 1 | X41: =U41*W41 -> #VALUE! | Y41: =W41*V41 -> 0
A42: FİRMA GİDERİ | B42: VAR | C42: 1000 | D42: =IFERROR(IF(AND(LEN(A42)=0,LEN(B42)=0),"",IF(LEN(B42)=0,A42,A42&"-"&B42)),"") -> FİRMA GİDERİ-VAR | U42: {=IFERROR(INDEX($B$4:$B$145, SMALL(IF((LEN($B$4:$B$145)<>0),ROW($B$4:$B$145)-ROW($B$3),"0"),ROW(#REF!)-ROW($B$3)) ),"0")} -> 0 | V42: {=IFERROR(INDEX($A$4:$A$145,MATCH(0,COUNTIF($V$3:V41,$A$4:$A$145),0)),"0")} -> 0 | W42: 1 | X42: =U42*W42 -> 0 | Y42: =W42*V42 -> 0
A43: FİRMA GİDERİ | B43: YOK | C43: 0 | D43: =IFERROR(IF(AND(LEN(A43)=0,LEN(B43)=0),"",IF(LEN(B43)=0,A43,A43&"-"&B43)),"") -> FİRMA GİDERİ-YOK | U43: {=IFERROR(INDEX($B$4:$B$145, SMALL(IF((LEN($B$4:$B$145)<>0),ROW($B$4:$B$145)-ROW($B$3),"0"),ROW(B26)-ROW($B$3)) ),"0")} -> BOSCH_CONDENCE2200İ_20kW | V43: {=IFERROR(INDEX($A$4:$A$145,MATCH(0,COUNTIF($V$3:V42,$A$4:$A$145),0)),"0")} -> 0 | W43: 1 | X43: =U43*W43 -> #VALUE! | Y43: =W43*V43 -> 0
D44: =IFERROR(IF(AND(LEN(A44)=0,LEN(B44)=0),"",IF(LEN(B44)=0,A44,A44&"-"&B44)),"") | U44: {=IFERROR(INDEX($B$4:$B$145, SMALL(IF((LEN($B$4:$B$145)<>0),ROW($B$4:$B$145)-ROW($B$3),"0"),ROW(B27)-ROW($B$3)) ),"0")} -> BOSCH_CONDENCE1200İ_24kW | V44: {=IFERROR(INDEX($A$4:$A$145,MATCH(0,COUNTIF($V$3:V43,$A$4:$A$145),0)),"0")} -> 0 | W44: 1 | X44: =U44*W44 -> #VALUE! | Y44: =W44*V44 -> 0
D45: =IFERROR(IF(AND(LEN(A45)=0,LEN(B45)=0),"",IF(LEN(B45)=0,A45,A45&"-"&B45)),"") | U45: {=IFERROR(INDEX($B$4:$B$145, SMALL(IF((LEN($B$4:$B$145)<>0),ROW($B$4:$B$145)-ROW($B$3),"0"),ROW(#REF!)-ROW($B$3)) ),"0")} -> 0 | V45: {=IFERROR(INDEX($A$4:$A$145,MATCH(0,COUNTIF($V$3:V44,$A$4:$A$145),0)),"0")} -> 0 | W45: 1 | X45: =U45*W45 -> 0 | Y45: =W45*V45 -> 0
D46: =IFERROR(IF(AND(LEN(A46)=0,LEN(B46)=0),"",IF(LEN(B46)=0,A46,A46&"-"&B46)),"") | U46: {=IFERROR(INDEX($B$4:$B$145, SMALL(IF((LEN($B$4:$B$145)<>0),ROW($B$4:$B$145)-ROW($B$3),"0"),ROW(#REF!)-ROW($B$3)) ),"0")} -> 0 | V46: {=IFERROR(INDEX($A$4:$A$145,MATCH(0,COUNTIF($V$3:V45,$A$4:$A$145),0)),"0")} -> 0 | W46: 1 | X46: =U46*W46 -> 0 | Y46: =W46*V46 -> 0
D47: =IFERROR(IF(AND(LEN(A47)=0,LEN(B47)=0),"",IF(LEN(B47)=0,A47,A47&"-"&B47)),"") | U47: {=IFERROR(INDEX($B$4:$B$145, SMALL(IF((LEN($B$4:$B$145)<>0),ROW($B$4:$B$145)-ROW($B$3),"0"),ROW(#REF!)-ROW($B$3)) ),"0")} -> 0 | V47: {=IFERROR(INDEX($A$4:$A$145,MATCH(0,COUNTIF($V$3:V46,$A$4:$A$145),0)),"0")} -> 0 | W47: 1 | X47: =U47*W47 -> 0 | Y47: =W47*V47 -> 0
D48: =IFERROR(IF(AND(LEN(A48)=0,LEN(B48)=0),"",IF(LEN(B48)=0,A48,A48&"-"&B48)),"") | U48: {=IFERROR(INDEX($B$4:$B$145, SMALL(IF((LEN($B$4:$B$145)<>0),ROW($B$4:$B$145)-ROW($B$3),"0"),ROW(#REF!)-ROW($B$3)) ),"0")} -> 0 | V48: {=IFERROR(INDEX($A$4:$A$145,MATCH(0,COUNTIF($V$3:V47,$A$4:$A$145),0)),"0")} -> 0 | W48: 1 | X48: =U48*W48 -> 0 | Y48: =W48*V48 -> 0
D49: =IFERROR(IF(AND(LEN(A49)=0,LEN(B49)=0),"",IF(LEN(B49)=0,A49,A49&"-"&B49)),"") | U49: {=IFERROR(INDEX($B$4:$B$145, SMALL(IF((LEN($B$4:$B$145)<>0),ROW($B$4:$B$145)-ROW($B$3),"0"),ROW(#REF!)-ROW($B$3)) ),"0")} -> 0 | V49: {=IFERROR(INDEX($A$4:$A$145,MATCH(0,COUNTIF($V$3:V48,$A$4:$A$145),0)),"0")} -> 0 | W49: 1 | X49: =U49*W49 -> 0 | Y49: =W49*V49 -> 0
D50: =IFERROR(IF(AND(LEN(A50)=0,LEN(B50)=0),"",IF(LEN(B50)=0,A50,A50&"-"&B50)),"") | U50: {=IFERROR(INDEX($B$4:$B$145, SMALL(IF((LEN($B$4:$B$145)<>0),ROW($B$4:$B$145)-ROW($B$3),"0"),ROW(#REF!)-ROW($B$3)) ),"0")} -> 0 | V50: {=IFERROR(INDEX($A$4:$A$145,MATCH(0,COUNTIF($V$3:V49,$A$4:$A$145),0)),"0")} -> 0 | W50: 1 | X50: =U50*W50 -> 0 | Y50: =W50*V50 -> 0
D51: =IFERROR(IF(AND(LEN(A51)=0,LEN(B51)=0),"",IF(LEN(B51)=0,A51,A51&"-"&B51)),"") | U51: {=IFERROR(INDEX($B$4:$B$145, SMALL(IF((LEN($B$4:$B$145)<>0),ROW($B$4:$B$145)-ROW($B$3),"0"),ROW(#REF!)-ROW($B$3)) ),"0")} -> 0 | V51: {=IFERROR(INDEX($A$4:$A$145,MATCH(0,COUNTIF($V$3:V50,$A$4:$A$145),0)),"0")} -> 0 | W51: 1 | X51: =U51*W51 -> 0 | Y51: =W51*V51 -> 0
D52: =IFERROR(IF(AND(LEN(A52)=0,LEN(B52)=0),"",IF(LEN(B52)=0,A52,A52&"-"&B52)),"") | U52: {=IFERROR(INDEX($B$4:$B$145, SMALL(IF((LEN($B$4:$B$145)<>0),ROW($B$4:$B$145)-ROW($B$3),"0"),ROW(#REF!)-ROW($B$3)) ),"0")} -> 0 | V52: {=IFERROR(INDEX($A$4:$A$145,MATCH(0,COUNTIF($V$3:V51,$A$4:$A$145),0)),"0")} -> 0 | W52: 1 | X52: =U52*W52 -> 0 | Y52: =W52*V52 -> 0
D53: =IFERROR(IF(AND(LEN(A53)=0,LEN(B53)=0),"",IF(LEN(B53)=0,A53,A53&"-"&B53)),"") | U53: {=IFERROR(INDEX($B$4:$B$145, SMALL(IF((LEN($B$4:$B$145)<>0),ROW($B$4:$B$145)-ROW($B$3),"0"),ROW(#REF!)-ROW($B$3)) ),"0")} -> 0 | V53: {=IFERROR(INDEX($A$4:$A$145,MATCH(0,COUNTIF($V$3:V52,$A$4:$A$145),0)),"0")} -> 0 | W53: 1 | X53: =U53*W53 -> 0 | Y53: =W53*V53 -> 0
D54: =IFERROR(IF(AND(LEN(A54)=0,LEN(B54)=0),"",IF(LEN(B54)=0,A54,A54&"-"&B54)),"") | U54: {=IFERROR(INDEX($B$4:$B$145, SMALL(IF((LEN($B$4:$B$145)<>0),ROW($B$4:$B$145)-ROW($B$3),"0"),ROW(#REF!)-ROW($B$3)) ),"0")} -> 0 | V54: {=IFERROR(INDEX($A$4:$A$145,MATCH(0,COUNTIF($V$3:V53,$A$4:$A$145),0)),"0")} -> 0 | W54: 1 | X54: =U54*W54 -> 0 | Y54: =W54*V54 -> 0
D55: =IFERROR(IF(AND(LEN(A55)=0,LEN(B55)=0),"",IF(LEN(B55)=0,A55,A55&"-"&B55)),"") | U55: {=IFERROR(INDEX($B$4:$B$145, SMALL(IF((LEN($B$4:$B$145)<>0),ROW($B$4:$B$145)-ROW($B$3),"0"),ROW(#REF!)-ROW($B$3)) ),"0")} -> 0 | V55: {=IFERROR(INDEX($A$4:$A$145,MATCH(0,COUNTIF($V$3:V54,$A$4:$A$145),0)),"0")} -> 0 | W55: 1 | X55: =U55*W55 -> 0 | Y55: =W55*V55 -> 0
D56: =IFERROR(IF(AND(LEN(A56)=0,LEN(B56)=0),"",IF(LEN(B56)=0,A56,A56&"-"&B56)),"") | U56: {=IFERROR(INDEX($B$4:$B$145, SMALL(IF((LEN($B$4:$B$145)<>0),ROW($B$4:$B$145)-ROW($B$3),"0"),ROW(#REF!)-ROW($B$3)) ),"0")} -> 0 | V56: {=IFERROR(INDEX($A$4:$A$145,MATCH(0,COUNTIF($V$3:V55,$A$4:$A$145),0)),"0")} -> 0 | W56: 1 | X56: =U56*W56 -> 0 | Y56: =W56*V56 -> 0
... D67: =IFERROR(IF(AND(LEN(A67)=0,LEN(B67)=0),"",IF(LEN(B67)=0,A67,A67&"-"&B67)),"") | U67: {=IFERROR(INDEX($B$4:$B$145, SMALL(IF((LEN($B$4:$B$145)<>0),ROW($B$4:$B$145)-ROW($B$3),"0"),ROW(#REF!)-ROW($B$3)) ),"0")} -> 0 | V67: {=IFERROR(INDEX($A$4:$A$145,MATCH(0,COUNTIF($V$3:V66,$A$4:$A$145),0)),"0")} -> 0 | W67: 1 | X67: =U67*W67 -> 0 | Y67: =W67*V67 -> 0
D68: =IFERROR(IF(AND(LEN(A68)=0,LEN(B68)=0),"",IF(LEN(B68)=0,A68,A68&"-"&B68)),"") | U68: {=IFERROR(INDEX($B$4:$B$145, SMALL(IF((LEN($B$4:$B$145)<>0),ROW($B$4:$B$145)-ROW($B$3),"0"),ROW(B28)-ROW($B$3)) ),"0")} -> ECA_CİTİUS_24kW | V68: {=IFERROR(INDEX($A$4:$A$145,MATCH(0,COUNTIF($V$3:V67,$A$4:$A$145),0)),"0")} -> 0 | W68: 1 | X68: =U68*W68 -> #VALUE! | Y68: =W68*V68 -> 0
D69: =IFERROR(IF(AND(LEN(A69)=0,LEN(B69)=0),"",IF(LEN(B69)=0,A69,A69&"-"&B69)),"") | U69: {=IFERROR(INDEX($B$4:$B$145, SMALL(IF((LEN($B$4:$B$145)<>0),ROW($B$4:$B$145)-ROW($B$3),"0"),ROW(#REF!)-ROW($B$3)) ),"0")} -> 0 | V69: {=IFERROR(INDEX($A$4:$A$145,MATCH(0,COUNTIF($V$3:V68,$A$4:$A$145),0)),"0")} -> 0 | W69: 1 | X69: =U69*W69 -> 0 | Y69: =W69*V69 -> 0
D70: =IFERROR(IF(AND(LEN(A70)=0,LEN(B70)=0),"",IF(LEN(B70)=0,A70,A70&"-"&B70)),"") | U70: {=IFERROR(INDEX($B$4:$B$145, SMALL(IF((LEN($B$4:$B$145)<>0),ROW($B$4:$B$145)-ROW($B$3),"0"),ROW(#REF!)-ROW($B$3)) ),"0")} -> 0 | V70: {=IFERROR(INDEX($A$4:$A$145,MATCH(0,COUNTIF($V$3:V69,$A$4:$A$145),0)),"0")} -> 0 | W70: 1 | X70: =U70*W70 -> 0 | Y70: =W70*V70 -> 0
D71: =IFERROR(IF(AND(LEN(A71)=0,LEN(B71)=0),"",IF(LEN(B71)=0,A71,A71&"-"&B71)),"") | U71: {=IFERROR(INDEX($B$4:$B$145, SMALL(IF((LEN($B$4:$B$145)<>0),ROW($B$4:$B$145)-ROW($B$3),"0"),ROW(B29)-ROW($B$3)) ),"0")} -> ECA_PROTEUS_PREMİX_24kW | V71: {=IFERROR(INDEX($A$4:$A$145,MATCH(0,COUNTIF($V$3:V70,$A$4:$A$145),0)),"0")} -> 0 | W71: 1 | X71: =U71*W71 -> #VALUE! | Y71: =W71*V71 -> 0
D72: =IFERROR(IF(AND(LEN(A72)=0,LEN(B72)=0),"",IF(LEN(B72)=0,A72,A72&"-"&B72)),"") | U72: {=IFERROR(INDEX($B$4:$B$145, SMALL(IF((LEN($B$4:$B$145)<>0),ROW($B$4:$B$145)-ROW($B$3),"0"),ROW(#REF!)-ROW($B$3)) ),"0")} -> 0 | V72: {=IFERROR(INDEX($A$4:$A$145,MATCH(0,COUNTIF($V$3:V71,$A$4:$A$145),0)),"0")} -> 0 | W72: 1 | X72: =U72*W72 -> 0 | Y72: =W72*V72 -> 0
D73: =IFERROR(IF(AND(LEN(A73)=0,LEN(B73)=0),"",IF(LEN(B73)=0,A73,A73&"-"&B73)),"") | U73: {=IFERROR(INDEX($B$4:$B$145, SMALL(IF((LEN($B$4:$B$145)<>0),ROW($B$4:$B$145)-ROW($B$3),"0"),ROW(#REF!)-ROW($B$3)) ),"0")} -> 0 | V73: {=IFERROR(INDEX($A$4:$A$145,MATCH(0,COUNTIF($V$3:V72,$A$4:$A$145),0)),"0")} -> 0 | W73: 1 | X73: =U73*W73 -> 0 | Y73: =W73*V73 -> 0
D74: =IFERROR(IF(AND(LEN(A74)=0,LEN(B74)=0),"",IF(LEN(B74)=0,A74,A74&"-"&B74)),"") | U74: {=IFERROR(INDEX($B$4:$B$145, SMALL(IF((LEN($B$4:$B$145)<>0),ROW($B$4:$B$145)-ROW($B$3),"0"),ROW(#REF!)-ROW($B$3)) ),"0")} -> 0 | V74: {=IFERROR(INDEX($A$4:$A$145,MATCH(0,COUNTIF($V$3:V73,$A$4:$A$145),0)),"0")} -> 0 | W74: 1 | X74: =U74*W74 -> 0 | Y74: =W74*V74 -> 0
D75: =IFERROR(IF(AND(LEN(A75)=0,LEN(B75)=0),"",IF(LEN(B75)=0,A75,A75&"-"&B75)),"") | U75: {=IFERROR(INDEX($B$4:$B$145, SMALL(IF((LEN($B$4:$B$145)<>0),ROW($B$4:$B$145)-ROW($B$3),"0"),ROW(B31)-ROW($B$3)) ),"0")} -> AİRFELL_MAESTRO_OPTİMUM_23kW | V75: {=IFERROR(INDEX($A$4:$A$145,MATCH(0,COUNTIF($V$3:V74,$A$4:$A$145),0)),"0")} -> 0 | W75: 1 | X75: =U75*W75 -> #VALUE! | Y75: =W75*V75 -> 0
D76: =IFERROR(IF(AND(LEN(A76)=0,LEN(B76)=0),"",IF(LEN(B76)=0,A76,A76&"-"&B76)),"") | U76: {=IFERROR(INDEX($B$4:$B$145, SMALL(IF((LEN($B$4:$B$145)<>0),ROW($B$4:$B$145)-ROW($B$3),"0"),ROW(B32)-ROW($B$3)) ),"0")} -> YOK | V76: {=IFERROR(INDEX($A$4:$A$145,MATCH(0,COUNTIF($V$3:V75,$A$4:$A$145),0)),"0")} -> 0 | W76: 1 | X76: =U76*W76 -> #VALUE! | Y76: =W76*V76 -> 0
D77: =IFERROR(IF(AND(LEN(A77)=0,LEN(B77)=0),"",IF(LEN(B77)=0,A77,A77&"-"&B77)),"") | U77: {=IFERROR(INDEX($B$4:$B$145, SMALL(IF((LEN($B$4:$B$145)<>0),ROW($B$4:$B$145)-ROW($B$3),"0"),ROW(#REF!)-ROW($B$3)) ),"0")} -> 0 | V77: {=IFERROR(INDEX($A$4:$A$145,MATCH(0,COUNTIF($V$3:V76,$A$4:$A$145),0)),"0")} -> 0 | W77: 1 | X77: =U77*W77 -> 0 | Y77: =W77*V77 -> 0
D78: =IFERROR(IF(AND(LEN(A78)=0,LEN(B78)=0),"",IF(LEN(B78)=0,A78,A78&"-"&B78)),"") | U78: {=IFERROR(INDEX($B$4:$B$145, SMALL(IF((LEN($B$4:$B$145)<>0),ROW($B$4:$B$145)-ROW($B$3),"0"),ROW(B34)-ROW($B$3)) ),"0")} -> AİRFELL_KABLOSUZ_TERMOSTAT | V78: {=IFERROR(INDEX($A$4:$A$145,MATCH(0,COUNTIF($V$3:V77,$A$4:$A$145),0)),"0")} -> 0 | W78: 1 | X78: =U78*W78 -> #VALUE! | Y78: =W78*V78 -> 0
D79: =IFERROR(IF(AND(LEN(A79)=0,LEN(B79)=0),"",IF(LEN(B79)=0,A79,A79&"-"&B79)),"") | U79: {=IFERROR(INDEX($B$4:$B$145, SMALL(IF((LEN($B$4:$B$145)<>0),ROW($B$4:$B$145)-ROW($B$3),"0"),ROW(B35)-ROW($B$3)) ),"0")} -> ECA_KABLOSUZ_TERMOSTAT | V79: {=IFERROR(INDEX($A$4:$A$145,MATCH(0,COUNTIF($V$3:V78,$A$4:$A$145),0)),"0")} -> 0 | W79: 1 | X79: =U79*W79 -> #VALUE! | Y79: =W79*V79 -> 0
D80: =IFERROR(IF(AND(LEN(A80)=0,LEN(B80)=0),"",IF(LEN(B80)=0,A80,A80&"-"&B80)),"") | U80: {=IFERROR(INDEX($B$4:$B$145, SMALL(IF((LEN($B$4:$B$145)<>0),ROW($B$4:$B$145)-ROW($B$3),"0"),ROW(#REF!)-ROW($B$3)) ),"0")} -> 0 | V80: {=IFERROR(INDEX($A$4:$A$145,MATCH(0,COUNTIF($V$3:V79,$A$4:$A$145),0)),"0")} -> 0 | W80: 1 | X80: =U80*W80 -> 0 | Y80: =W80*V80 -> 0
D81: =IFERROR(IF(AND(LEN(A81)=0,LEN(B81)=0),"",IF(LEN(B81)=0,A81,A81&"-"&B81)),"") | U81: {=IFERROR(INDEX($B$4:$B$145, SMALL(IF((LEN($B$4:$B$145)<>0),ROW($B$4:$B$145)-ROW($B$3),"0"),ROW(#REF!)-ROW($B$3)) ),"0")} -> 0 | V81: {=IFERROR(INDEX($A$4:$A$145,MATCH(0,COUNTIF($V$3:V80,$A$4:$A$145),0)),"0")} -> 0 | W81: 1 | X81: =U81*W81 -> 0 | Y81: =W81*V81 -> 0
D82: =IFERROR(IF(AND(LEN(A82)=0,LEN(B82)=0),"",IF(LEN(B82)=0,A82,A82&"-"&B82)),"") | U82: {=IFERROR(INDEX($B$4:$B$145, SMALL(IF((LEN($B$4:$B$145)<>0),ROW($B$4:$B$145)-ROW($B$3),"0"),ROW(#REF!)-ROW($B$3)) ),"0")} -> 0 | V82: {=IFERROR(INDEX($A$4:$A$145,MATCH(0,COUNTIF($V$3:V81,$A$4:$A$145),0)),"0")} -> 0 | W82: 1 | X82: =U82*W82 -> 0 | Y82: =W82*V82 -> 0
D83: =IFERROR(IF(AND(LEN(A83)=0,LEN(B83)=0),"",IF(LEN(B83)=0,A83,A83&"-"&B83)),"") | U83: {=IFERROR(INDEX($B$4:$B$145, SMALL(IF((LEN($B$4:$B$145)<>0),ROW($B$4:$B$145)-ROW($B$3),"0"),ROW(#REF!)-ROW($B$3)) ),"0")} -> 0 | V83: {=IFERROR(INDEX($A$4:$A$145,MATCH(0,COUNTIF($V$3:V82,$A$4:$A$145),0)),"0")} -> 0 | W83: 1 | X83: =U83*W83 -> 0 | Y83: =W83*V83 -> 0
D84: =IFERROR(IF(AND(LEN(A84)=0,LEN(B84)=0),"",IF(LEN(B84)=0,A84,A84&"-"&B84)),"") | U84: {=IFERROR(INDEX($B$4:$B$145, SMALL(IF((LEN($B$4:$B$145)<>0),ROW($B$4:$B$145)-ROW($B$3),"0"),ROW(B37)-ROW($B$3)) ),"0")} -> YOK | V84: {=IFERROR(INDEX($A$4:$A$145,MATCH(0,COUNTIF($V$3:V83,$A$4:$A$145),0)),"0")} -> 0 | W84: 1 | X84: =U84*W84 -> #VALUE! | Y84: =W84*V84 -> 0
D85: =IFERROR(IF(AND(LEN(A85)=0,LEN(B85)=0),"",IF(LEN(B85)=0,A85,A85&"-"&B85)),"") | U85: {=IFERROR(INDEX($B$4:$B$145, SMALL(IF((LEN($B$4:$B$145)<>0),ROW($B$4:$B$145)-ROW($B$3),"0"),ROW(#REF!)-ROW($B$3)) ),"0")} -> 0 | V85: {=IFERROR(INDEX($A$4:$A$145,MATCH(0,COUNTIF($V$3:V84,$A$4:$A$145),0)),"0")} -> 0 | W85: 1 | X85: =U85*W85 -> 0 | Y85: =W85*V85 -> 0
D86: =IFERROR(IF(AND(LEN(A86)=0,LEN(B86)=0),"",IF(LEN(B86)=0,A86,A86&"-"&B86)),"") | U86: {=IFERROR(INDEX($B$4:$B$145, SMALL(IF((LEN($B$4:$B$145)<>0),ROW($B$4:$B$145)-ROW($B$3),"0"),ROW(#REF!)-ROW($B$3)) ),"0")} -> 0 | V86: {=IFERROR(INDEX($A$4:$A$145,MATCH(0,COUNTIF($V$3:V85,$A$4:$A$145),0)),"0")} -> 0 | W86: 1 | X86: =U86*W86 -> 0 | Y86: =W86*V86 -> 0
D87: =IFERROR(IF(AND(LEN(A87)=0,LEN(B87)=0),"",IF(LEN(B87)=0,A87,A87&"-"&B87)),"") | U87: {=IFERROR(INDEX($B$4:$B$145, SMALL(IF((LEN($B$4:$B$145)<>0),ROW($B$4:$B$145)-ROW($B$3),"0"),ROW(#REF!)-ROW($B$3)) ),"0")} -> 0 | V87: {=IFERROR(INDEX($A$4:$A$145,MATCH(0,COUNTIF($V$3:V86,$A$4:$A$145),0)),"0")} -> 0 | W87: 1 | X87: =U87*W87 -> 0 | Y87: =W87*V87 -> 0
D88: =IFERROR(IF(AND(LEN(A88)=0,LEN(B88)=0),"",IF(LEN(B88)=0,A88,A88&"-"&B88)),"") | U88: {=IFERROR(INDEX($B$4:$B$145, SMALL(IF((LEN($B$4:$B$145)<>0),ROW($B$4:$B$145)-ROW($B$3),"0"),ROW(#REF!)-ROW($B$3)) ),"0")} -> 0 | V88: {=IFERROR(INDEX($A$4:$A$145,MATCH(0,COUNTIF($V$3:V87,$A$4:$A$145),0)),"0")} -> 0 | W88: 1 | X88: =U88*W88 -> 0 | Y88: =W88*V88 -> 0
D89: =IFERROR(IF(AND(LEN(A89)=0,LEN(B89)=0),"",IF(LEN(B89)=0,A89,A89&"-"&B89)),"") | U89: {=IFERROR(INDEX($B$4:$B$145, SMALL(IF((LEN($B$4:$B$145)<>0),ROW($B$4:$B$145)-ROW($B$3),"0"),ROW(B39)-ROW($B$3)) ),"0")} -> WARMHAUS | V89: {=IFERROR(INDEX($A$4:$A$145,MATCH(0,COUNTIF($V$3:V88,$A$4:$A$145),0)),"0")} -> 0 | W89: 1 | X89: =U89*W89 -> #VALUE! | Y89: =W89*V89 -> 0
D90: =IFERROR(IF(AND(LEN(A90)=0,LEN(B90)=0),"",IF(LEN(B90)=0,A90,A90&"-"&B90)),"") | U90: {=IFERROR(INDEX($B$4:$B$145, SMALL(IF((LEN($B$4:$B$145)<>0),ROW($B$4:$B$145)-ROW($B$3),"0"),ROW(B40)-ROW($B$3)) ),"0")} -> KALDE | V90: {=IFERROR(INDEX($A$4:$A$145,MATCH(0,COUNTIF($V$3:V89,$A$4:$A$145),0)),"0")} -> 0 | W90: 1 | X90: =U90*W90 -> #VALUE! | Y90: =W90*V90 -> 0
D91: =IFERROR(IF(AND(LEN(A91)=0,LEN(B91)=0),"",IF(LEN(B91)=0,A91,A91&"-"&B91)),"") | U91: {=IFERROR(INDEX($B$4:$B$145, SMALL(IF((LEN($B$4:$B$145)<>0),ROW($B$4:$B$145)-ROW($B$3),"0"),ROW(#REF!)-ROW($B$3)) ),"0")} -> 0 | V91: {=IFERROR(INDEX($A$4:$A$145,MATCH(0,COUNTIF($V$3:V90,$A$4:$A$145),0)),"0")} -> 0 | W91: 1 | X91: =U91*W91 -> 0 | Y91: =W91*V91 -> 0
D92: =IFERROR(IF(AND(LEN(A92)=0,LEN(B92)=0),"",IF(LEN(B92)=0,A92,A92&"-"&B92)),"") | U92: {=IFERROR(INDEX($B$4:$B$145, SMALL(IF((LEN($B$4:$B$145)<>0),ROW($B$4:$B$145)-ROW($B$3),"0"),ROW(#REF!)-ROW($B$3)) ),"0")} -> 0 | V92: {=IFERROR(INDEX($A$4:$A$145,MATCH(0,COUNTIF($V$3:V91,$A$4:$A$145),0)),"0")} -> 0 | W92: 1 | X92: =U92*W92 -> 0 | Y92: =W92*V92 -> 0
D93: =IFERROR(IF(AND(LEN(A93)=0,LEN(B93)=0),"",IF(LEN(B93)=0,A93,A93&"-"&B93)),"") | U93: {=IFERROR(INDEX($B$4:$B$145, SMALL(IF((LEN($B$4:$B$145)<>0),ROW($B$4:$B$145)-ROW($B$3),"0"),ROW(B41)-ROW($B$3)) ),"0")} -> ECA | V93: {=IFERROR(INDEX($A$4:$A$145,MATCH(0,COUNTIF($V$3:V92,$A$4:$A$145),0)),"0")} -> 0 | W93: 1 | X93: =U93*W93 -> #VALUE! | Y93: =W93*V93 -> 0
D94: =IFERROR(IF(AND(LEN(A94)=0,LEN(B94)=0),"",IF(LEN(B94)=0,A94,A94&"-"&B94)),"")
D95: =IFERROR(IF(AND(LEN(A95)=0,LEN(B95)=0),"",IF(LEN(B95)=0,A95,A95&"-"&B95)),"") | U95: {=IFERROR(INDEX($B$4:$B$145, SMALL(IF((LEN($B$4:$B$145)<>0),ROW($B$4:$B$145)-ROW($B$3),"0"),ROW(B42)-ROW($B$3)) ),"0")} -> VAR | V95: {=IFERROR(INDEX($A$4:$A$145,MATCH(0,COUNTIF($V$3:V93,$A$4:$A$145),0)),"0")} -> 0 | W95: 1 | X95: =U95*W95 -> #VALUE! | Y95: =W95*V95 -> 0
D96: =IFERROR(IF(AND(LEN(A96)=0,LEN(B96)=0),"",IF(LEN(B96)=0,A96,A96&"-"&B96)),"") | U96: {=IFERROR(INDEX($B$4:$B$145, SMALL(IF((LEN($B$4:$B$145)<>0),ROW($B$4:$B$145)-ROW($B$3),"0"),ROW(B43)-ROW($B$3)) ),"0")} -> YOK | V96: {=IFERROR(INDEX($A$4:$A$145,MATCH(0,COUNTIF($V$3:V95,$A$4:$A$145),0)),"0")} -> 0 | W96: 1 | X96: =U96*W96 -> #VALUE! | Y96: =W96*V96 -> 0
D97: =IFERROR(IF(AND(LEN(A97)=0,LEN(B97)=0),"",IF(LEN(B97)=0,A97,A97&"-"&B97)),"") | U97: {=IFERROR(INDEX($B$4:$B$145, SMALL(IF((LEN($B$4:$B$145)<>0),ROW($B$4:$B$145)-ROW($B$3),"0"),ROW(B44)-ROW($B$3)) ),"0")} -> 0 | V97: {=IFERROR(INDEX($A$4:$A$145,MATCH(0,COUNTIF($V$3:V96,$A$4:$A$145),0)),"0")} -> 0 | W97: 1 | X97: =U97*W97 -> 0 | Y97: =W97*V97 -> 0
D98: =IFERROR(IF(AND(LEN(A98)=0,LEN(B98)=0),"",IF(LEN(B98)=0,A98,A98&"-"&B98)),"") | U98: {=IFERROR(INDEX($B$4:$B$145, SMALL(IF((LEN($B$4:$B$145)<>0),ROW($B$4:$B$145)-ROW($B$3),"0"),ROW(B45)-ROW($B$3)) ),"0")} -> 0 | V98: {=IFERROR(INDEX($A$4:$A$145,MATCH(0,COUNTIF($V$3:V97,$A$4:$A$145),0)),"0")} -> 0 | W98: 1 | X98: =U98*W98 -> 0 | Y98: =W98*V98 -> 0
D99: =IFERROR(IF(AND(LEN(A99)=0,LEN(B99)=0),"",IF(LEN(B99)=0,A99,A99&"-"&B99)),"") | U99: {=IFERROR(INDEX($B$4:$B$145, SMALL(IF((LEN($B$4:$B$145)<>0),ROW($B$4:$B$145)-ROW($B$3),"0"),ROW(B46)-ROW($B$3)) ),"0")} -> 0 | V99: {=IFERROR(INDEX($A$4:$A$145,MATCH(0,COUNTIF($V$3:V98,$A$4:$A$145),0)),"0")} -> 0 | W99: 1 | X99: =U99*W99 -> 0 | Y99: =W99*V99 -> 0
D100: =IFERROR(IF(AND(LEN(A100)=0,LEN(B100)=0),"",IF(LEN(B100)=0,A100,A100&"-"&B100)),"") | U100: {=IFERROR(INDEX($B$4:$B$145, SMALL(IF((LEN($B$4:$B$145)<>0),ROW($B$4:$B$145)-ROW($B$3),"0"),ROW(B47)-ROW($B$3)) ),"0")} -> 0 | V100: {=IFERROR(INDEX($A$4:$A$145,MATCH(0,COUNTIF($V$3:V99,$A$4:$A$145),0)),"0")} -> 0 | W100: 1 | X100: =U100*W100 -> 0 | Y100: =W100*V100 -> 0
D101: =IFERROR(IF(AND(LEN(A101)=0,LEN(B101)=0),"",IF(LEN(B101)=0,A101,A101&"-"&B101)),"") | U101: {=IFERROR(INDEX($B$4:$B$145, SMALL(IF((LEN($B$4:$B$145)<>0),ROW($B$4:$B$145)-ROW($B$3),"0"),ROW(B48)-ROW($B$3)) ),"0")} -> 0 | V101: {=IFERROR(INDEX($A$4:$A$145,MATCH(0,COUNTIF($V$3:V100,$A$4:$A$145),0)),"0")} -> 0 | W101: 1 | X101: =U101*W101 -> 0 | Y101: =W101*V101 -> 0
D102: =IFERROR(IF(AND(LEN(A102)=0,LEN(B102)=0),"",IF(LEN(B102)=0,A102,A102&"-"&B102)),"") | U102: {=IFERROR(INDEX($B$4:$B$145, SMALL(IF((LEN($B$4:$B$145)<>0),ROW($B$4:$B$145)-ROW($B$3),"0"),ROW(B49)-ROW($B$3)) ),"0")} -> 0 | V102: {=IFERROR(INDEX($A$4:$A$145,MATCH(0,COUNTIF($V$3:V101,$A$4:$A$145),0)),"0")} -> 0 | W102: 1 | X102: =U102*W102 -> 0 | Y102: =W102*V102 -> 0
D103: =IFERROR(IF(AND(LEN(A103)=0,LEN(B103)=0),"",IF(LEN(B103)=0,A103,A103&"-"&B103)),"") | U103: {=IFERROR(INDEX($B$4:$B$145, SMALL(IF((LEN($B$4:$B$145)<>0),ROW($B$4:$B$145)-ROW($B$3),"0"),ROW(B50)-ROW($B$3)) ),"0")} -> 0 | V103: {=IFERROR(INDEX($A$4:$A$145,MATCH(0,COUNTIF($V$3:V102,$A$4:$A$145),0)),"0")} -> 0 | W103: 1 | X103: =U103*W103 -> 0 | Y103: =W103*V103 -> 0
D104: =IFERROR(IF(AND(LEN(A104)=0,LEN(B104)=0),"",IF(LEN(B104)=0,A104,A104&"-"&B104)),"") | U104: {=IFERROR(INDEX($B$4:$B$145, SMALL(IF((LEN($B$4:$B$145)<>0),ROW($B$4:$B$145)-ROW($B$3),"0"),ROW(B51)-ROW($B$3)) ),"0")} -> 0 | V104: {=IFERROR(INDEX($A$4:$A$145,MATCH(0,COUNTIF($V$3:V103,$A$4:$A$145),0)),"0")} -> 0 | W104: 1 | X104: =U104*W104 -> 0 | Y104: =W104*V104 -> 0
D105: =IFERROR(IF(AND(LEN(A105)=0,LEN(B105)=0),"",IF(LEN(B105)=0,A105,A105&"-"&B105)),"") | U105: {=IFERROR(INDEX($B$4:$B$145, SMALL(IF((LEN($B$4:$B$145)<>0),ROW($B$4:$B$145)-ROW($B$3),"0"),ROW(B52)-ROW($B$3)) ),"0")} -> 0 | V105: {=IFERROR(INDEX($A$4:$A$145,MATCH(0,COUNTIF($V$3:V104,$A$4:$A$145),0)),"0")} -> 0 | W105: 1 | X105: =U105*W105 -> 0 | Y105: =W105*V105 -> 0
D106: =IFERROR(IF(AND(LEN(A106)=0,LEN(B106)=0),"",IF(LEN(B106)=0,A106,A106&"-"&B106)),"") | U106: {=IFERROR(INDEX($B$4:$B$145, SMALL(IF((LEN($B$4:$B$145)<>0),ROW($B$4:$B$145)-ROW($B$3),"0"),ROW(B53)-ROW($B$3)) ),"0")} -> 0 | V106: {=IFERROR(INDEX($A$4:$A$145,MATCH(0,COUNTIF($V$3:V105,$A$4:$A$145),0)),"0")} -> 0 | W106: 1 | X106: =U106*W106 -> 0 | Y106: =W106*V106 -> 0
D107: =IFERROR(IF(AND(LEN(A107)=0,LEN(B107)=0),"",IF(LEN(B107)=0,A107,A107&"-"&B107)),"") | U107: {=IFERROR(INDEX($B$4:$B$145, SMALL(IF((LEN($B$4:$B$145)<>0),ROW($B$4:$B$145)-ROW($B$3),"0"),ROW(B54)-ROW($B$3)) ),"0")} -> 0 | V107: {=IFERROR(INDEX($A$4:$A$145,MATCH(0,COUNTIF($V$3:V106,$A$4:$A$145),0)),"0")} -> 0 | W107: 1 | X107: =U107*W107 -> 0 | Y107: =W107*V107 -> 0
... D145: =IFERROR(IF(AND(LEN(A145)=0,LEN(B145)=0),"",IF(LEN(B145)=0,A145,A145&"-"&B145)),"") | U145: {=IFERROR(INDEX($B$4:$B$145, SMALL(IF((LEN($B$4:$B$145)<>0),ROW($B$4:$B$145)-ROW($B$3),"0"),ROW(B92)-ROW($B$3)) ),"0")} -> 0 | V145: {=IFERROR(INDEX($A$4:$A$145,MATCH(0,COUNTIF($V$3:V144,$A$4:$A$145),0)),"0")} -> 0 | W145: 1 | X145: =U145*W145 -> 0 | Y145: =W145*V145 -> 0
U146: {=IFERROR(INDEX($B$4:$B$145, SMALL(IF((LEN($B$4:$B$145)<>0),ROW($B$4:$B$145)-ROW($B$3),"0"),ROW(B93)-ROW($B$3)) ),"0")} -> 0 | V146: {=IFERROR(INDEX($A$4:$A$145,MATCH(0,COUNTIF($V$3:V145,$A$4:$A$145),0)),"0")} -> 0 | W146: 1 | X146: =U146*W146 -> 0 | Y146: =W146*V146 -> 0
U147: {=IFERROR(INDEX($B$4:$B$145, SMALL(IF((LEN($B$4:$B$145)<>0),ROW($B$4:$B$145)-ROW($B$3),"0"),ROW(B94)-ROW($B$3)) ),"0")} -> 0 | V147: {=IFERROR(INDEX($A$4:$A$145,MATCH(0,COUNTIF($V$3:V146,$A$4:$A$145),0)),"0")} -> 0 | W147: 1 | X147: =U147*W147 -> 0 | Y147: =W147*V147 -> 0
U148: {=IFERROR(INDEX($B$4:$B$145, SMALL(IF((LEN($B$4:$B$145)<>0),ROW($B$4:$B$145)-ROW($B$3),"0"),ROW(B95)-ROW($B$3)) ),"0")} -> 0 | V148: {=IFERROR(INDEX($A$4:$A$145,MATCH(0,COUNTIF($V$3:V147,$A$4:$A$145),0)),"0")} -> 0 | W148: 1 | X148: =U148*W148 -> 0 | Y148: =W148*V148 -> 0
...

Sheet Sheet1
C1: Ürünler | D1: TİPLERİ
A2: =OFFSET(INDEX(Sheet1!$C$2:$C$25,MATCH(#REF!,Sheet1!$C$2:$C$25,0)),,1,1,INDEX(Sheet1!$B$2:$B$25,MATCH(#REF!,Sheet1!$C$2:$C$25,0))) -> #REF! | B2: =IF(LEN(C2)=0,"",COUNTA(D2:KI2)) -> 3 | C2: BACA DİRSEĞİ | D2: 90 DERECE | E2: 45 DERECE | F2: YOK
A3: =OFFSET(INDEX(Sheet1!$C$2:$C$25,MATCH(B1,Sheet1!$C$2:$C$25,0)),,1,1,INDEX(Sheet1!$B$2:$B$25,MATCH(B1,Sheet1!$C$2:$C$25,0))) -> #N/A | B3: =IF(LEN(C3)=0,"",COUNTA(D3:KI3)) -> 3 | C3: BACA UZATMASI | D3: 50 CM | E3: 1 METRE | F3: YOK
A4: =OFFSET(INDEX(Sheet1!$C$2:$C$25,MATCH(B2,Sheet1!$C$2:$C$25,0)),,1,1,INDEX(Sheet1!$B$2:$B$25,MATCH(B2,Sheet1!$C$2:$C$25,0))) -> #N/A | B4: =IF(LEN(C4)=0,"",COUNTA(D4:KI4)) -> 2 | C4: CAM MENFEZ | D4: YOK | E4: VAR
A5: =OFFSET(INDEX(Sheet1!$C$2:$C$25,MATCH(B3,Sheet1!$C$2:$C$25,0)),,1,1,INDEX(Sheet1!$B$2:$B$25,MATCH(B3,Sheet1!$C$2:$C$25,0))) -> #N/A | B5: =IF(LEN(C5)=0,"",COUNTA(D5:KI5)) -> 2 | C5: DOĞALGAZ TESİSATI | D5: ÇELİK_BORU | E5: ESNEK_BORU
A6: =OFFSET(INDEX(Sheet1!$C$2:$C$25,MATCH(B4,Sheet1!$C$2:$C$25,0)),,1,1,INDEX(Sheet1!$B$2:$B$25,MATCH(B4,Sheet1!$C$2:$C$25,0))) -> #N/A | B6: =IF(LEN(C6)=0,"",COUNTA(D6:KI6)) -> 2 | C6: ELEKTİRİK TESİSATI | D6: YOK | E6: VAR
A7: =OFFSET(INDEX(Sheet1!$C$2:$C$25,MATCH(B5,Sheet1!$C$2:$C$25,0)),,1,1,INDEX(Sheet1!$B$2:$B$25,MATCH(B5,Sheet1!$C$2:$C$25,0))) -> #N/A | B7: =IF(LEN(C7)=0,"",COUNTA(D7:KI7)) -> 2 | C7: EXTRA ISCILIK | D7: VAR | E7: YOK
A8: =OFFSET(INDEX(Sheet1!$C$2:$C$25,MATCH(B7,Sheet1!$C$2:$C$25,0)),,1,1,INDEX(Sheet1!$B$2:$B$25,MATCH(B7,Sheet1!$C$2:$C$25,0))) -> #N/A | B8: =IF(LEN(C8)=0,"",COUNTA(D8:KI8)) -> 2 | C8: HAVLUPAN | D8: KROM | E8: BEYAZ
A9: =OFFSET(INDEX(Sheet1!$C$2:$C$25,MATCH(#REF!,Sheet1!$C$2:$C$25,0)),,1,1,INDEX(Sheet1!$B$2:$B$25,MATCH(#REF!,Sheet1!$C$2:$C$25,0))) -> #REF! | B9: =IF(LEN(C9)=0,"",COUNTA(D9:KI9)) -> 3 | C9: İŞÇİLİK | D9: MONTAJ | E9: KOMPLE | F9: KOMBİ + GAZ
A10: =OFFSET(INDEX(Sheet1!$C$2:$C$25,MATCH(B8,Sheet1!$C$2:$C$25,0)),,1,1,INDEX(Sheet1!$B$2:$B$25,MATCH(B8,Sheet1!$C$2:$C$25,0))) -> #N/A | B10: =IF(LEN(C10)=0,"",COUNTA(D10:KI10)) -> 3 | C10: KALORİFER TESİSATI | D10: KOMPLE | E10: ÖTELEME | F10: HAZIR
A11: =OFFSET(INDEX(Sheet1!$C$2:$C$25,MATCH(B9,Sheet1!$C$2:$C$25,0)),,1,1,INDEX(Sheet1!$B$2:$B$25,MATCH(B9,Sheet1!$C$2:$C$25,0))) -> #N/A | B11: =IF(LEN(C11)=0,"",COUNTA(D11:KI11)) -> 12 | C11: KOMBİ | D11: BOSCH_CONDENCE1200İ_20kW | E11: BOSCH_CONDENCE2200İ_20kW | F11: BOSCH_CONDENCE1200İ_24kW | G11: ECA_CİTİUS_24kW | H11: ECA_PROTEUS_PREMİX_24kW | I11: ECA_CONFEO_PREMİX_24kW | J11: AİRFELL_MAESTRO_OPTİMUM_20kW | K11: AİRFELL_MAESTRO_OPTİMUM_23kW | AJ11: ECA_CİTİUS_24kW | AK11: ECA_CALORA_24kW | AL11: ECA_CONFEO_PREMİX_24kW | AM11: ECA_PROTEUS_PREMİX_24kW
A12: =OFFSET(INDEX(Sheet1!$C$2:$C$25,MATCH(B10,Sheet1!$C$2:$C$25,0)),,1,1,INDEX(Sheet1!$B$2:$B$25,MATCH(B10,Sheet1!$C$2:$C$25,0))) -> #N/A | B12: =IF(LEN(C12)=0,"",COUNTA(D12:KI12)) -> 2 | C12: KOMBİ DOLABI | D12: VAR | E12: YOK
A13: =OFFSET(INDEX(Sheet1!$C$2:$C$25,MATCH(B11,Sheet1!$C$2:$C$25,0)),,1,1,INDEX(Sheet1!$B$2:$B$25,MATCH(B11,Sheet1!$C$2:$C$25,0))) -> #N/A | B13: =IF(LEN(C13)=0,"",COUNTA(D13:KI13)) -> 4 | C13: ODA TERMOSTATI | D13: AİRFELL_KABLOSUZ_TERMOSTAT | E13: ECA_KABLOSUZ_TERMOSTAT | F13: BOSCH_KABLOSUZ_TERMOSTAT | G13: YOK
A14: =OFFSET(INDEX(Sheet1!$C$2:$C$25,MATCH(B12,Sheet1!$C$2:$C$25,0)),,1,1,INDEX(Sheet1!$B$2:$B$25,MATCH(B12,Sheet1!$C$2:$C$25,0))) -> #N/A | B14: =IF(LEN(C14)=0,"",COUNTA(D14:KI14)) -> 2 | C14: RADYATÖR | D14: ECA | E14: WARMHAUS
A15: =OFFSET(INDEX(Sheet1!$C$2:$C$25,MATCH(B13,Sheet1!$C$2:$C$25,0)),,1,1,INDEX(Sheet1!$B$2:$B$25,MATCH(B13,Sheet1!$C$2:$C$25,0))) -> #N/A | B15: =IF(LEN(C15)=0,"",COUNTA(D15:KI15)) -> 2 | C15: RADYATÖR VANASI | D15: KALDE | E15: ECA
A16: =OFFSET(INDEX(Sheet1!$C$2:$C$25,MATCH(B15,Sheet1!$C$2:$C$25,0)),,1,1,INDEX(Sheet1!$B$2:$B$25,MATCH(B15,Sheet1!$C$2:$C$25,0))) -> #N/A | B16: =IF(LEN(C16)=0,"",COUNTA(D16:KI16)) -> 2 | C16: FİRMA GİDERİ | D16: VAR | E16: YOK
A17: =OFFSET(INDEX(Sheet1!$C$2:$C$25,MATCH(#REF!,Sheet1!$C$2:$C$25,0)),,1,1,INDEX(Sheet1!$B$2:$B$25,MATCH(#REF!,Sheet1!$C$2:$C$25,0))) -> #REF! | B17: =IF(LEN(C17)=0,"",COUNTA(D17:KI17))
A18: =OFFSET(INDEX(Sheet1!$C$2:$C$25,MATCH(B16,Sheet1!$C$2:$C$25,0)),,1,1,INDEX(Sheet1!$B$2:$B$25,MATCH(B16,Sheet1!$C$2:$C$25,0))) -> #N/A | B18: =IF(LEN(C18)=0,"",COUNTA(D18:KI18))
A19: =OFFSET(INDEX(Sheet1!$C$2:$C$25,MATCH(B17,Sheet1!$C$2:$C$25,0)),,1,1,INDEX(Sheet1!$B$2:$B$25,MATCH(B17,Sheet1!$C$2:$C$25,0))) -> #N/A | B19: =IF(LEN(C19)=0,"",COUNTA(D19:KI19))
A20: =OFFSET(INDEX(Sheet1!$C$2:$C$25,MATCH(B18,Sheet1!$C$2:$C$25,0)),,1,1,INDEX(Sheet1!$B$2:$B$25,MATCH(B18,Sheet1!$C$2:$C$25,0))) -> #N/A | B20: =IF(LEN(C20)=0,"",COUNTA(D20:KI20))
A21: =OFFSET(INDEX(Sheet1!$C$2:$C$25,MATCH(B19,Sheet1!$C$2:$C$25,0)),,1,1,INDEX(Sheet1!$B$2:$B$25,MATCH(B19,Sheet1!$C$2:$C$25,0))) -> #N/A | B21: =IF(LEN(C21)=0,"",COUNTA(D21:KI21))
A22: =OFFSET(INDEX(Sheet1!$C$2:$C$25,MATCH(B20,Sheet1!$C$2:$C$25,0)),,1,1,INDEX(Sheet1!$B$2:$B$25,MATCH(B20,Sheet1!$C$2:$C$25,0))) -> #N/A | B22: =IF(LEN(C22)=0,"",COUNTA(D22:KI22))
A23: =OFFSET(INDEX(Sheet1!$C$2:$C$25,MATCH(B21,Sheet1!$C$2:$C$25,0)),,1,1,INDEX(Sheet1!$B$2:$B$25,MATCH(B21,Sheet1!$C$2:$C$25,0))) -> #N/A | B23: =IF(LEN(C23)=0,"",COUNTA(D23:KI23))
A24: =OFFSET(INDEX(Sheet1!$C$2:$C$25,MATCH(B22,Sheet1!$C$2:$C$25,0)),,1,1,INDEX(Sheet1!$B$2:$B$25,MATCH(B22,Sheet1!$C$2:$C$25,0))) -> #N/A | B24: =IF(LEN(C24)=0,"",COUNTA(D24:KI24))
A25: =OFFSET(INDEX(Sheet1!$C$2:$C$25,MATCH(B23,Sheet1!$C$2:$C$25,0)),,1,1,INDEX(Sheet1!$B$2:$B$25,MATCH(B23,Sheet1!$C$2:$C$25,0))) -> #N/A | B25: =IF(LEN(C25)=0,"",COUNTA(D25:KI25))
